device_id,timestamp,temperature,humidity,air_quality,particle_size
HumidiProbe_5,2024-12-01T13:41:07.016133,,32.69,,
CleanMonitor_2,2024-12-01T13:41:07.016149,,,Good,
HumidiProbe_4,2024-12-01T13:41:07.016156,,47.8,,
TempSensor_7,2024-12-01T13:41:07.016162,27.16,41.13,,
EyeCon2_2,2024-12-01T13:41:07.016173,,,,1204.72
CleanMonitor_2,2024-12-01T13:41:07.016182,,,Good,
HumidiProbe_9,2024-12-01T13:41:07.016189,,50.62,,
TempSensor_9,2024-12-01T13:41:07.016197,22.01,52.03,,
CleanMonitor_4,2024-12-01T13:41:07.016205,,,Good,
HumidiProbe_9,2024-12-01T13:41:07.016211,,55.87,,
HumidiProbe_4,2024-12-01T13:41:07.016217,,47.69,,
EyeCon2_3,2024-12-01T13:41:07.016225,,,,1109.81
HumidiProbe_1,2024-12-01T13:41:07.016233,,31.77,,
CleanMonitor_4,2024-12-01T13:41:07.016239,,,Poor,
EyeCon2_1,2024-12-01T13:41:07.016244,,,,3263.68
TempSensor_10,2024-12-01T13:41:07.016249,20.77,56.72,,
CleanMonitor_5,2024-12-01T13:41:07.016255,,,Good,
EyeCon2_2,2024-12-01T13:41:07.016260,,,,3317.88
HumidiProbe_5,2024-12-01T13:41:07.016265,,45.27,,
CleanMonitor_2,2024-12-01T13:41:07.016269,,,Moderate,
TempSensor_8,2024-12-01T13:41:07.016274,25.38,31.37,,
EyeCon2_2,2024-12-01T13:41:07.016279,,,,1736.64
CleanMonitor_5,2024-12-01T13:41:07.016284,,,Poor,
CleanMonitor_4,2024-12-01T13:41:07.016290,,,Poor,
CleanMonitor_3,2024-12-01T13:41:07.016296,,,Moderate,
CleanMonitor_1,2024-12-01T13:41:07.016301,,,Poor,
HumidiProbe_1,2024-12-01T13:41:07.016305,,41.18,,
CleanMonitor_2,2024-12-01T13:41:07.016329,,,Poor,
TempSensor_2,2024-12-01T13:41:07.016337,21.99,45.76,,
CleanMonitor_4,2024-12-01T13:41:07.016347,,,Poor,
TempSensor_4,2024-12-01T13:41:07.016355,22.9,46.67,,
HumidiProbe_3,2024-12-01T13:41:07.016361,,49.67,,
HumidiProbe_5,2024-12-01T13:41:07.016366,,56.09,,
TempSensor_1,2024-12-01T13:41:07.016371,29.91,53.03,,
EyeCon2_1,2024-12-01T13:41:07.016377,,,,376.09
HumidiProbe_2,2024-12-01T13:41:07.016381,,51.36,,
CleanMonitor_5,2024-12-01T13:41:07.016386,,,Moderate,
HumidiProbe_7,2024-12-01T13:41:07.016390,,67.06,,
CleanMonitor_3,2024-12-01T13:41:07.016396,,,Good,
CleanMonitor_3,2024-12-01T13:41:07.016400,,,Moderate,
HumidiProbe_7,2024-12-01T13:41:07.016404,,69.51,,
TempSensor_6,2024-12-01T13:41:07.016409,21.36,41.07,,
EyeCon2_2,2024-12-01T13:41:07.016415,,,,3615.28
EyeCon2_3,2024-12-01T13:41:07.016419,,,,5307.77
HumidiProbe_10,2024-12-01T13:41:07.016424,,44.51,,
EyeCon2_1,2024-12-01T13:41:07.016429,,,,4658.24
EyeCon2_1,2024-12-01T13:41:07.016434,,,,2198.67
TempSensor_5,2024-12-01T13:41:07.016438,22.13,45.19,,
TempSensor_10,2024-12-01T13:41:07.016443,23.37,40.38,,
HumidiProbe_9,2024-12-01T13:41:07.016449,,48.34,,
CleanMonitor_1,2024-12-01T13:41:07.016453,,,Moderate,
HumidiProbe_4,2024-12-01T13:41:07.016458,,64.13,,
HumidiProbe_4,2024-12-01T13:41:07.016462,,47.57,,
CleanMonitor_1,2024-12-01T13:41:07.016467,,,Moderate,
EyeCon2_2,2024-12-01T13:41:07.016471,,,,390.3
EyeCon2_2,2024-12-01T13:41:07.016476,,,,1183.3
CleanMonitor_3,2024-12-01T13:41:07.016481,,,Moderate,
CleanMonitor_4,2024-12-01T13:41:07.016485,,,Poor,
HumidiProbe_5,2024-12-01T13:41:07.016489,,61.75,,
TempSensor_8,2024-12-01T13:41:07.016494,27.76,47.58,,
HumidiProbe_4,2024-12-01T13:41:07.016499,,45.75,,
TempSensor_6,2024-12-01T13:41:07.016503,29.95,34.19,,
CleanMonitor_4,2024-12-01T13:41:07.016509,,,Poor,
HumidiProbe_2,2024-12-01T13:41:07.016514,,67.4,,
TempSensor_5,2024-12-01T13:41:07.016518,27.01,52.22,,
CleanMonitor_1,2024-12-01T13:41:07.016524,,,Poor,
HumidiProbe_9,2024-12-01T13:41:07.016528,,51.33,,
HumidiProbe_7,2024-12-01T13:41:07.016533,,43.21,,
HumidiProbe_8,2024-12-01T13:41:07.016543,,56.11,,
EyeCon2_1,2024-12-01T13:41:07.016549,,,,715.2
HumidiProbe_10,2024-12-01T13:41:07.016553,,57.68,,
CleanMonitor_5,2024-12-01T13:41:07.016558,,,Poor,
TempSensor_4,2024-12-01T13:41:07.016562,29.46,41.38,,
TempSensor_6,2024-12-01T13:41:07.016567,22.66,43.85,,
TempSensor_10,2024-12-01T13:41:07.016573,23.42,39.0,,
EyeCon2_3,2024-12-01T13:41:07.016579,,,,1511.84
EyeCon2_3,2024-12-01T13:41:07.016584,,,,3576.77
TempSensor_6,2024-12-01T13:41:07.016589,25.22,39.81,,
TempSensor_3,2024-12-01T13:41:07.016595,21.85,46.18,,
HumidiProbe_6,2024-12-01T13:41:07.016600,,38.23,,
TempSensor_3,2024-12-01T13:41:07.016604,21.08,42.16,,
HumidiProbe_1,2024-12-01T13:41:07.016610,,54.27,,
TempSensor_5,2024-12-01T13:41:07.016615,29.93,51.82,,
EyeCon2_2,2024-12-01T13:41:07.016620,,,,4933.54
TempSensor_1,2024-12-01T13:41:07.016625,20.44,45.57,,
TempSensor_3,2024-12-01T13:41:07.016630,26.15,37.58,,
HumidiProbe_1,2024-12-01T13:41:07.016636,,42.92,,
HumidiProbe_7,2024-12-01T13:41:07.016640,,53.75,,
HumidiProbe_9,2024-12-01T13:41:07.016645,,34.05,,
HumidiProbe_7,2024-12-01T13:41:07.016649,,32.65,,
EyeCon2_2,2024-12-01T13:41:07.016654,,,,4291.23
HumidiProbe_7,2024-12-01T13:41:07.016659,,43.69,,
TempSensor_3,2024-12-01T13:41:07.016663,27.09,36.1,,
CleanMonitor_4,2024-12-01T13:41:07.016669,,,Poor,
HumidiProbe_5,2024-12-01T13:41:07.016673,,67.53,,
HumidiProbe_7,2024-12-01T13:41:07.016678,,49.0,,
HumidiProbe_10,2024-12-01T13:41:07.016682,,53.92,,
EyeCon2_3,2024-12-01T13:41:07.016687,,,,2791.27
CleanMonitor_1,2024-12-01T13:41:07.016692,,,Moderate,
CleanMonitor_3,2024-12-01T13:41:07.016697,,,Poor,
TempSensor_6,2024-12-01T13:41:07.016701,27.26,37.12,,
CleanMonitor_5,2024-12-01T13:41:07.016706,,,Good,
CleanMonitor_3,2024-12-01T13:41:07.016711,,,Moderate,
TempSensor_3,2024-12-01T13:41:07.016716,26.13,32.49,,
CleanMonitor_5,2024-12-01T13:41:07.016722,,,Good,
CleanMonitor_4,2024-12-01T13:41:07.016726,,,Good,
EyeCon2_1,2024-12-01T13:41:07.016730,,,,3303.88
EyeCon2_2,2024-12-01T13:41:07.016735,,,,3103.09
EyeCon2_3,2024-12-01T13:41:07.016740,,,,4205.85
HumidiProbe_2,2024-12-01T13:41:07.016744,,36.97,,
TempSensor_9,2024-12-01T13:41:07.016749,22.57,34.2,,
CleanMonitor_1,2024-12-01T13:41:07.016755,,,Good,
CleanMonitor_2,2024-12-01T13:41:07.016759,,,Poor,
TempSensor_10,2024-12-01T13:41:07.016763,28.04,37.96,,
HumidiProbe_6,2024-12-01T13:41:07.016768,,30.58,,
EyeCon2_1,2024-12-01T13:41:07.016773,,,,430.77
CleanMonitor_1,2024-12-01T13:41:07.016778,,,Moderate,
HumidiProbe_8,2024-12-01T13:41:07.016782,,44.41,,
TempSensor_7,2024-12-01T13:41:07.016787,27.33,33.13,,
CleanMonitor_3,2024-12-01T13:41:07.016793,,,Moderate,
EyeCon2_2,2024-12-01T13:41:07.016797,,,,1231.85
HumidiProbe_9,2024-12-01T13:41:07.016802,,65.73,,
HumidiProbe_2,2024-12-01T13:41:07.016807,,56.06,,
TempSensor_2,2024-12-01T13:41:07.016811,23.75,33.26,,
HumidiProbe_7,2024-12-01T13:41:07.016816,,31.7,,
CleanMonitor_3,2024-12-01T13:41:07.016821,,,Poor,
EyeCon2_1,2024-12-01T13:41:07.016825,,,,1515.59
TempSensor_3,2024-12-01T13:41:07.016830,27.02,49.6,,
HumidiProbe_3,2024-12-01T13:41:07.016835,,34.51,,
HumidiProbe_2,2024-12-01T13:41:07.016840,,49.53,,
EyeCon2_3,2024-12-01T13:41:07.016844,,,,2606.73
EyeCon2_2,2024-12-01T13:41:07.016849,,,,677.52
EyeCon2_3,2024-12-01T13:41:07.016853,,,,673.04
TempSensor_3,2024-12-01T13:41:07.016858,24.57,48.51,,
TempSensor_1,2024-12-01T13:41:07.016863,29.93,57.33,,
HumidiProbe_4,2024-12-01T13:41:07.016868,,40.09,,
HumidiProbe_2,2024-12-01T13:41:07.016873,,51.86,,
TempSensor_6,2024-12-01T13:41:07.016877,27.53,37.81,,
HumidiProbe_7,2024-12-01T13:41:07.016883,,53.08,,
TempSensor_7,2024-12-01T13:41:07.016887,22.66,56.73,,
HumidiProbe_8,2024-12-01T13:41:07.016892,,40.46,,
CleanMonitor_5,2024-12-01T13:41:07.016897,,,Poor,
CleanMonitor_3,2024-12-01T13:41:07.016901,,,Good,
EyeCon2_2,2024-12-01T13:41:07.016905,,,,658.49
EyeCon2_1,2024-12-01T13:41:07.016909,,,,3222.58
CleanMonitor_2,2024-12-01T13:41:07.016914,,,Poor,
HumidiProbe_3,2024-12-01T13:41:07.016918,,69.77,,
EyeCon2_2,2024-12-01T13:41:07.016923,,,,5426.45
HumidiProbe_2,2024-12-01T13:41:07.016928,,53.45,,
CleanMonitor_5,2024-12-01T13:41:07.016932,,,Moderate,
TempSensor_8,2024-12-01T13:41:07.016936,26.45,55.16,,
HumidiProbe_7,2024-12-01T13:41:07.016942,,32.87,,
EyeCon2_1,2024-12-01T13:41:07.016946,,,,1889.5
HumidiProbe_2,2024-12-01T13:41:07.016951,,37.68,,
CleanMonitor_2,2024-12-01T13:41:07.016956,,,Good,
HumidiProbe_7,2024-12-01T13:41:07.016960,,31.69,,
EyeCon2_2,2024-12-01T13:41:07.016964,,,,124.72
CleanMonitor_1,2024-12-01T13:41:07.016969,,,Poor,
TempSensor_7,2024-12-01T13:41:07.016973,22.29,55.26,,
EyeCon2_2,2024-12-01T13:41:07.016978,,,,1410.73
CleanMonitor_1,2024-12-01T13:41:07.016983,,,Moderate,
CleanMonitor_5,2024-12-01T13:41:07.016987,,,Poor,
HumidiProbe_9,2024-12-01T13:41:07.016991,,44.48,,
TempSensor_10,2024-12-01T13:41:07.016996,28.55,49.24,,
CleanMonitor_1,2024-12-01T13:41:07.017001,,,Poor,
HumidiProbe_8,2024-12-01T13:41:07.017005,,46.12,,
TempSensor_10,2024-12-01T13:41:07.017010,29.08,40.29,,
CleanMonitor_3,2024-12-01T13:41:07.017016,,,Moderate,
TempSensor_3,2024-12-01T13:41:07.017020,29.66,41.83,,
CleanMonitor_3,2024-12-01T13:41:07.017025,,,Poor,
HumidiProbe_5,2024-12-01T13:41:07.017029,,61.56,,
TempSensor_8,2024-12-01T13:41:07.017034,24.56,40.37,,
HumidiProbe_8,2024-12-01T13:41:07.017039,,36.38,,
EyeCon2_3,2024-12-01T13:41:07.017044,,,,1209.37
CleanMonitor_1,2024-12-01T13:41:07.017048,,,Good,
HumidiProbe_3,2024-12-01T13:41:07.017052,,68.56,,
HumidiProbe_10,2024-12-01T13:41:07.017057,,40.6,,
HumidiProbe_5,2024-12-01T13:41:07.017061,,54.08,,
EyeCon2_3,2024-12-01T13:41:07.017066,,,,4550.94
TempSensor_6,2024-12-01T13:41:07.017071,26.29,41.58,,
TempSensor_4,2024-12-01T13:41:07.017076,25.27,55.84,,
CleanMonitor_5,2024-12-01T13:41:07.017081,,,Poor,
CleanMonitor_1,2024-12-01T13:41:07.017085,,,Poor,
TempSensor_2,2024-12-01T13:41:07.017090,20.55,43.82,,
TempSensor_5,2024-12-01T13:41:07.017095,20.97,54.39,,
EyeCon2_2,2024-12-01T13:41:07.017100,,,,1835.45
TempSensor_7,2024-12-01T13:41:07.017104,23.7,48.87,,
CleanMonitor_1,2024-12-01T13:41:07.017110,,,Poor,
HumidiProbe_4,2024-12-01T13:41:07.017114,,40.67,,
HumidiProbe_6,2024-12-01T13:41:07.017119,,56.32,,
EyeCon2_3,2024-12-01T13:41:07.017123,,,,5280.27
HumidiProbe_1,2024-12-01T13:41:07.017128,,43.53,,
TempSensor_6,2024-12-01T13:41:07.017132,20.06,37.03,,
HumidiProbe_1,2024-12-01T13:41:07.017138,,40.07,,
HumidiProbe_10,2024-12-01T13:41:07.017142,,32.84,,
CleanMonitor_5,2024-12-01T13:41:07.017146,,,Moderate,
CleanMonitor_1,2024-12-01T13:41:07.017151,,,Moderate,
EyeCon2_1,2024-12-01T13:41:07.017155,,,,3826.95
HumidiProbe_8,2024-12-01T13:41:07.017159,,42.36,,
TempSensor_7,2024-12-01T13:41:07.017164,29.66,48.95,,
HumidiProbe_7,2024-12-01T13:41:07.017169,,33.28,,
CleanMonitor_2,2024-12-01T13:41:07.017174,,,Poor,
CleanMonitor_2,2024-12-01T13:41:07.017178,,,Good,
CleanMonitor_4,2024-12-01T13:41:07.017183,,,Poor,
HumidiProbe_2,2024-12-01T13:41:07.017187,,38.94,,
EyeCon2_3,2024-12-01T13:41:07.017191,,,,3738.57
CleanMonitor_3,2024-12-01T13:41:07.017196,,,Moderate,
HumidiProbe_10,2024-12-01T13:41:07.017200,,67.31,,
TempSensor_7,2024-12-01T13:41:07.017205,21.81,38.93,,
TempSensor_1,2024-12-01T13:41:07.017210,26.37,36.19,,
HumidiProbe_4,2024-12-01T13:41:07.017216,,30.47,,
HumidiProbe_1,2024-12-01T13:41:07.017220,,31.8,,
CleanMonitor_1,2024-12-01T13:41:07.017226,,,Moderate,
EyeCon2_2,2024-12-01T13:41:07.017230,,,,423.45
TempSensor_3,2024-12-01T13:41:07.017235,24.04,32.28,,
CleanMonitor_3,2024-12-01T13:41:07.017240,,,Moderate,
TempSensor_8,2024-12-01T13:41:07.017245,20.46,38.25,,
HumidiProbe_6,2024-12-01T13:41:07.017250,,31.46,,
EyeCon2_1,2024-12-01T13:41:07.017254,,,,2466.95
HumidiProbe_3,2024-12-01T13:41:07.017259,,60.14,,
HumidiProbe_4,2024-12-01T13:41:07.017264,,60.14,,
HumidiProbe_4,2024-12-01T13:41:07.017268,,38.25,,
HumidiProbe_5,2024-12-01T13:41:07.017273,,45.89,,
HumidiProbe_4,2024-12-01T13:41:07.017277,,30.3,,
EyeCon2_3,2024-12-01T13:41:07.017282,,,,4039.21
EyeCon2_1,2024-12-01T13:41:07.017286,,,,799.43
CleanMonitor_2,2024-12-01T13:41:07.017293,,,Poor,
CleanMonitor_5,2024-12-01T13:41:07.017298,,,Good,
HumidiProbe_7,2024-12-01T13:41:07.017302,,61.7,,
CleanMonitor_3,2024-12-01T13:41:07.017324,,,Good,
CleanMonitor_3,2024-12-01T13:41:07.017332,,,Poor,
TempSensor_4,2024-12-01T13:41:07.017340,29.33,36.49,,
EyeCon2_2,2024-12-01T13:41:07.017346,,,,398.92
CleanMonitor_3,2024-12-01T13:41:07.017351,,,Poor,
CleanMonitor_2,2024-12-01T13:41:07.017355,,,Poor,
EyeCon2_1,2024-12-01T13:41:07.017360,,,,2963.72
EyeCon2_3,2024-12-01T13:41:07.017364,,,,4535.98
CleanMonitor_5,2024-12-01T13:41:07.017369,,,Moderate,
EyeCon2_2,2024-12-01T13:41:07.017374,,,,2510.58
CleanMonitor_3,2024-12-01T13:41:07.017378,,,Poor,
TempSensor_4,2024-12-01T13:41:07.017382,23.0,54.61,,
CleanMonitor_3,2024-12-01T13:41:07.017388,,,Good,
EyeCon2_2,2024-12-01T13:41:07.017392,,,,1854.56
TempSensor_10,2024-12-01T13:41:07.017397,26.23,48.85,,
HumidiProbe_5,2024-12-01T13:41:07.017402,,59.27,,
EyeCon2_1,2024-12-01T13:41:07.017406,,,,3765.86
CleanMonitor_3,2024-12-01T13:41:07.017411,,,Poor,
TempSensor_3,2024-12-01T13:41:07.017415,26.23,35.27,,
CleanMonitor_1,2024-12-01T13:41:07.017421,,,Poor,
TempSensor_8,2024-12-01T13:41:07.017425,22.74,34.62,,
CleanMonitor_5,2024-12-01T13:41:07.017430,,,Poor,
HumidiProbe_10,2024-12-01T13:41:07.017435,,59.02,,
HumidiProbe_6,2024-12-01T13:41:07.017439,,65.74,,
HumidiProbe_7,2024-12-01T13:41:07.017444,,31.31,,
CleanMonitor_4,2024-12-01T13:41:07.017449,,,Good,
CleanMonitor_3,2024-12-01T13:41:07.017453,,,Moderate,
TempSensor_6,2024-12-01T13:41:07.017457,24.72,48.27,,
TempSensor_1,2024-12-01T13:41:07.017462,21.8,59.51,,
TempSensor_10,2024-12-01T13:41:07.017468,25.02,39.13,,
TempSensor_5,2024-12-01T13:41:07.017473,23.29,47.95,,
HumidiProbe_1,2024-12-01T13:41:07.017479,,31.93,,
HumidiProbe_4,2024-12-01T13:41:07.017483,,51.66,,
TempSensor_4,2024-12-01T13:41:07.017489,27.69,33.31,,
EyeCon2_1,2024-12-01T13:41:07.017494,,,,3828.08
HumidiProbe_10,2024-12-01T13:41:07.017499,,46.51,,
EyeCon2_2,2024-12-01T13:41:07.017503,,,,2081.47
EyeCon2_2,2024-12-01T13:41:07.017508,,,,776.33
EyeCon2_3,2024-12-01T13:41:07.017512,,,,4897.11
HumidiProbe_6,2024-12-01T13:41:07.017516,,38.86,,
CleanMonitor_2,2024-12-01T13:41:07.017521,,,Moderate,
EyeCon2_2,2024-12-01T13:41:07.017525,,,,2460.33
CleanMonitor_5,2024-12-01T13:41:07.017530,,,Moderate,
TempSensor_10,2024-12-01T13:41:07.017534,29.81,38.69,,
EyeCon2_3,2024-12-01T13:41:07.017544,,,,4140.06
TempSensor_7,2024-12-01T13:41:07.017549,27.98,54.16,,
HumidiProbe_2,2024-12-01T13:41:07.017554,,56.97,,
TempSensor_5,2024-12-01T13:41:07.017559,20.19,53.49,,
HumidiProbe_5,2024-12-01T13:41:07.017564,,68.79,,
HumidiProbe_3,2024-12-01T13:41:07.017569,,58.76,,
EyeCon2_2,2024-12-01T13:41:07.017573,,,,5312.41
EyeCon2_2,2024-12-01T13:41:07.017578,,,,3899.29
CleanMonitor_2,2024-12-01T13:41:07.017583,,,Poor,
CleanMonitor_1,2024-12-01T13:41:07.017587,,,Poor,
TempSensor_3,2024-12-01T13:41:07.017591,25.8,58.41,,
CleanMonitor_2,2024-12-01T13:41:07.017597,,,Poor,
HumidiProbe_4,2024-12-01T13:41:07.017601,,68.51,,
HumidiProbe_1,2024-12-01T13:41:07.017606,,44.03,,
CleanMonitor_4,2024-12-01T13:41:07.017611,,,Poor,
EyeCon2_3,2024-12-01T13:41:07.017615,,,,1145.82
CleanMonitor_3,2024-12-01T13:41:07.017620,,,Moderate,
HumidiProbe_3,2024-12-01T13:41:07.017624,,44.59,,
TempSensor_4,2024-12-01T13:41:07.017629,23.22,31.61,,
EyeCon2_1,2024-12-01T13:41:07.017634,,,,4179.29
EyeCon2_1,2024-12-01T13:41:07.017638,,,,2050.39
CleanMonitor_3,2024-12-01T13:41:07.017643,,,Good,
HumidiProbe_7,2024-12-01T13:41:07.017647,,40.26,,
HumidiProbe_8,2024-12-01T13:41:07.017652,,40.02,,
EyeCon2_1,2024-12-01T13:41:07.017656,,,,5205.13
HumidiProbe_10,2024-12-01T13:41:07.017661,,49.06,,
CleanMonitor_2,2024-12-01T13:41:07.017665,,,Moderate,
EyeCon2_2,2024-12-01T13:41:07.017670,,,,2102.8
EyeCon2_2,2024-12-01T13:41:07.017674,,,,1368.66
HumidiProbe_3,2024-12-01T13:41:07.017679,,38.61,,
TempSensor_5,2024-12-01T13:41:07.017683,26.02,31.34,,
EyeCon2_1,2024-12-01T13:41:07.017688,,,,2741.29
HumidiProbe_4,2024-12-01T13:41:07.017693,,64.66,,
EyeCon2_3,2024-12-01T13:41:07.017698,,,,562.39
TempSensor_6,2024-12-01T13:41:07.017702,27.44,51.55,,
TempSensor_1,2024-12-01T13:41:07.017708,20.05,47.05,,
HumidiProbe_6,2024-12-01T13:41:07.017713,,69.85,,
EyeCon2_1,2024-12-01T13:41:07.017718,,,,3108.4
TempSensor_6,2024-12-01T13:41:07.017722,25.31,40.09,,
EyeCon2_3,2024-12-01T13:41:07.017728,,,,3320.11
CleanMonitor_2,2024-12-01T13:41:07.017733,,,Moderate,
HumidiProbe_9,2024-12-01T13:41:07.017738,,48.64,,
HumidiProbe_6,2024-12-01T13:41:07.017742,,59.11,,
HumidiProbe_7,2024-12-01T13:41:07.017747,,65.32,,
EyeCon2_1,2024-12-01T13:41:07.017752,,,,4048.95
CleanMonitor_3,2024-12-01T13:41:07.017756,,,Good,
EyeCon2_1,2024-12-01T13:41:07.017761,,,,616.5
EyeCon2_2,2024-12-01T13:41:07.017767,,,,990.09
HumidiProbe_4,2024-12-01T13:41:07.017771,,45.28,,
CleanMonitor_5,2024-12-01T13:41:07.017776,,,Good,
CleanMonitor_1,2024-12-01T13:41:07.017781,,,Good,
EyeCon2_2,2024-12-01T13:41:07.017785,,,,1736.73
EyeCon2_1,2024-12-01T13:41:07.017790,,,,2803.37
TempSensor_2,2024-12-01T13:41:07.017794,26.07,30.49,,
CleanMonitor_1,2024-12-01T13:41:07.017799,,,Poor,
HumidiProbe_10,2024-12-01T13:41:07.017804,,43.09,,
EyeCon2_2,2024-12-01T13:41:07.017808,,,,3123.99
HumidiProbe_6,2024-12-01T13:41:07.017813,,60.14,,
EyeCon2_1,2024-12-01T13:41:07.017817,,,,3265.08
CleanMonitor_1,2024-12-01T13:41:07.017821,,,Moderate,
CleanMonitor_2,2024-12-01T13:41:07.017826,,,Good,
EyeCon2_3,2024-12-01T13:41:07.017830,,,,3027.19
CleanMonitor_3,2024-12-01T13:41:07.017835,,,Good,
CleanMonitor_3,2024-12-01T13:41:07.017839,,,Good,
EyeCon2_1,2024-12-01T13:41:07.017843,,,,639.63
HumidiProbe_10,2024-12-01T13:41:07.017848,,62.53,,
CleanMonitor_4,2024-12-01T13:41:07.017852,,,Moderate,
TempSensor_1,2024-12-01T13:41:07.017857,20.88,56.06,,
CleanMonitor_5,2024-12-01T13:41:07.017863,,,Poor,
HumidiProbe_6,2024-12-01T13:41:07.017867,,46.71,,
EyeCon2_2,2024-12-01T13:41:07.017872,,,,1497.36
HumidiProbe_3,2024-12-01T13:41:07.017877,,40.91,,
HumidiProbe_1,2024-12-01T13:41:07.017886,,56.8,,
EyeCon2_1,2024-12-01T13:41:07.017891,,,,1336.88
CleanMonitor_4,2024-12-01T13:41:07.017895,,,Moderate,
TempSensor_1,2024-12-01T13:41:07.017900,22.12,59.36,,
EyeCon2_1,2024-12-01T13:41:07.017905,,,,4015.72
HumidiProbe_2,2024-12-01T13:41:07.017910,,39.29,,
HumidiProbe_3,2024-12-01T13:41:07.017914,,67.29,,
HumidiProbe_3,2024-12-01T13:41:07.017919,,51.24,,
CleanMonitor_5,2024-12-01T13:41:07.017923,,,Poor,
HumidiProbe_4,2024-12-01T13:41:07.017928,,52.37,,
HumidiProbe_6,2024-12-01T13:41:07.017933,,48.89,,
CleanMonitor_1,2024-12-01T13:41:07.017937,,,Good,
CleanMonitor_1,2024-12-01T13:41:07.017941,,,Good,
EyeCon2_3,2024-12-01T13:41:07.017945,,,,1382.31
CleanMonitor_3,2024-12-01T13:41:07.017950,,,Good,
CleanMonitor_3,2024-12-01T13:41:07.017955,,,Poor,
HumidiProbe_1,2024-12-01T13:41:07.017959,,66.96,,
EyeCon2_2,2024-12-01T13:41:07.017963,,,,1593.39
HumidiProbe_3,2024-12-01T13:41:07.017968,,43.8,,
HumidiProbe_7,2024-12-01T13:41:07.017973,,57.12,,
EyeCon2_3,2024-12-01T13:41:07.017977,,,,4775.96
HumidiProbe_7,2024-12-01T13:41:07.017981,,32.09,,
HumidiProbe_5,2024-12-01T13:41:07.017986,,34.74,,
CleanMonitor_3,2024-12-01T13:41:07.017990,,,Good,
CleanMonitor_4,2024-12-01T13:41:07.017995,,,Poor,
TempSensor_5,2024-12-01T13:41:07.017999,20.17,30.01,,
CleanMonitor_4,2024-12-01T13:41:07.018004,,,Good,
CleanMonitor_3,2024-12-01T13:41:07.018008,,,Poor,
CleanMonitor_4,2024-12-01T13:41:07.018013,,,Good,
TempSensor_3,2024-12-01T13:41:07.018017,20.31,32.55,,
EyeCon2_1,2024-12-01T13:41:07.018022,,,,5434.72
TempSensor_7,2024-12-01T13:41:07.018026,28.97,49.86,,
CleanMonitor_1,2024-12-01T13:41:07.018032,,,Good,
CleanMonitor_1,2024-12-01T13:41:07.018036,,,Good,
HumidiProbe_7,2024-12-01T13:41:07.018041,,39.44,,
HumidiProbe_9,2024-12-01T13:41:07.018045,,59.69,,
HumidiProbe_4,2024-12-01T13:41:07.018049,,57.57,,
HumidiProbe_1,2024-12-01T13:41:07.018054,,49.51,,
EyeCon2_3,2024-12-01T13:41:07.018058,,,,2414.05
TempSensor_6,2024-12-01T13:41:07.018063,28.7,56.81,,
CleanMonitor_4,2024-12-01T13:41:07.018068,,,Good,
CleanMonitor_1,2024-12-01T13:41:07.018072,,,Moderate,
EyeCon2_1,2024-12-01T13:41:07.018077,,,,5223.72
TempSensor_9,2024-12-01T13:41:07.018081,22.68,48.97,,
EyeCon2_2,2024-12-01T13:41:07.018087,,,,566.84
HumidiProbe_10,2024-12-01T13:41:07.018091,,64.54,,
EyeCon2_3,2024-12-01T13:41:07.018096,,,,2215.52
EyeCon2_2,2024-12-01T13:41:07.018100,,,,2876.81
HumidiProbe_5,2024-12-01T13:41:07.018104,,44.94,,
HumidiProbe_10,2024-12-01T13:41:07.018109,,40.14,,
CleanMonitor_1,2024-12-01T13:41:07.018114,,,Good,
EyeCon2_2,2024-12-01T13:41:07.018118,,,,2125.97
TempSensor_10,2024-12-01T13:41:07.018122,28.43,44.99,,
TempSensor_6,2024-12-01T13:41:07.018128,21.14,59.67,,
CleanMonitor_3,2024-12-01T13:41:07.018133,,,Moderate,
HumidiProbe_4,2024-12-01T13:41:07.018137,,52.43,,
EyeCon2_1,2024-12-01T13:41:07.018142,,,,4357.06
EyeCon2_2,2024-12-01T13:41:07.018147,,,,3365.57
CleanMonitor_2,2024-12-01T13:41:07.018152,,,Poor,
HumidiProbe_9,2024-12-01T13:41:07.018156,,45.71,,
CleanMonitor_1,2024-12-01T13:41:07.018161,,,Good,
CleanMonitor_4,2024-12-01T13:41:07.018165,,,Good,
HumidiProbe_10,2024-12-01T13:41:07.018170,,35.76,,
CleanMonitor_2,2024-12-01T13:41:07.018175,,,Moderate,
TempSensor_3,2024-12-01T13:41:07.018179,26.88,48.98,,
CleanMonitor_3,2024-12-01T13:41:07.018184,,,Poor,
CleanMonitor_5,2024-12-01T13:41:07.018188,,,Poor,
EyeCon2_2,2024-12-01T13:41:07.018193,,,,4913.53
HumidiProbe_1,2024-12-01T13:41:07.018197,,31.53,,
EyeCon2_2,2024-12-01T13:41:07.018202,,,,5492.55
HumidiProbe_1,2024-12-01T13:41:07.018206,,56.06,,
HumidiProbe_10,2024-12-01T13:41:07.018258,,56.6,,
EyeCon2_3,2024-12-01T13:41:07.018263,,,,3726.07
TempSensor_1,2024-12-01T13:41:07.018268,23.72,55.8,,
HumidiProbe_9,2024-12-01T13:41:07.018273,,42.57,,
CleanMonitor_5,2024-12-01T13:41:07.018278,,,Good,
CleanMonitor_3,2024-12-01T13:41:07.018282,,,Poor,
CleanMonitor_1,2024-12-01T13:41:07.018287,,,Good,
CleanMonitor_5,2024-12-01T13:41:07.018293,,,Poor,
TempSensor_3,2024-12-01T13:41:07.018297,25.94,40.58,,
EyeCon2_2,2024-12-01T13:41:07.018303,,,,2945.36
HumidiProbe_3,2024-12-01T13:41:07.018318,,37.69,,
EyeCon2_2,2024-12-01T13:41:07.018323,,,,3647.78
TempSensor_4,2024-12-01T13:41:07.018327,27.41,59.33,,
CleanMonitor_3,2024-12-01T13:41:07.018333,,,Poor,
TempSensor_1,2024-12-01T13:41:07.018337,27.95,49.43,,
HumidiProbe_9,2024-12-01T13:41:07.018342,,47.81,,
EyeCon2_3,2024-12-01T13:41:07.018347,,,,2489.89
TempSensor_2,2024-12-01T13:41:07.018352,20.72,35.64,,
TempSensor_5,2024-12-01T13:41:07.018358,29.88,41.86,,
TempSensor_2,2024-12-01T13:41:07.018363,20.35,48.65,,
TempSensor_4,2024-12-01T13:41:07.018369,26.51,59.66,,
EyeCon2_2,2024-12-01T13:41:07.018375,,,,731.58
EyeCon2_1,2024-12-01T13:41:07.018380,,,,1909.8
EyeCon2_3,2024-12-01T13:41:07.018384,,,,2402.3
HumidiProbe_9,2024-12-01T13:41:07.018389,,62.81,,
TempSensor_5,2024-12-01T13:41:07.018394,28.18,45.16,,
EyeCon2_1,2024-12-01T13:41:07.018399,,,,5447.34
HumidiProbe_9,2024-12-01T13:41:07.018404,,51.55,,
EyeCon2_2,2024-12-01T13:41:07.018409,,,,3531.88
EyeCon2_1,2024-12-01T13:41:07.018413,,,,676.33
EyeCon2_1,2024-12-01T13:41:07.018418,,,,3042.19
TempSensor_9,2024-12-01T13:41:07.018423,20.89,42.78,,
CleanMonitor_5,2024-12-01T13:41:07.018428,,,Poor,
TempSensor_1,2024-12-01T13:41:07.018433,21.45,50.85,,
EyeCon2_3,2024-12-01T13:41:07.018438,,,,3119.3
CleanMonitor_1,2024-12-01T13:41:07.018442,,,Moderate,
CleanMonitor_3,2024-12-01T13:41:07.018447,,,Poor,
EyeCon2_3,2024-12-01T13:41:07.018451,,,,1914.64
EyeCon2_3,2024-12-01T13:41:07.018456,,,,1157.24
CleanMonitor_3,2024-12-01T13:41:07.018460,,,Good,
HumidiProbe_9,2024-12-01T13:41:07.018465,,38.54,,
EyeCon2_2,2024-12-01T13:41:07.018470,,,,1897.46
CleanMonitor_5,2024-12-01T13:41:07.018475,,,Moderate,
TempSensor_3,2024-12-01T13:41:07.018479,27.54,34.72,,
CleanMonitor_5,2024-12-01T13:41:07.018484,,,Good,
CleanMonitor_5,2024-12-01T13:41:07.018488,,,Moderate,
CleanMonitor_5,2024-12-01T13:41:07.018493,,,Poor,
HumidiProbe_4,2024-12-01T13:41:07.018497,,49.89,,
CleanMonitor_3,2024-12-01T13:41:07.018502,,,Poor,
EyeCon2_3,2024-12-01T13:41:07.018506,,,,1968.39
HumidiProbe_9,2024-12-01T13:41:07.018511,,34.99,,
TempSensor_4,2024-12-01T13:41:07.018515,28.93,37.41,,
TempSensor_6,2024-12-01T13:41:07.018520,24.54,37.45,,
CleanMonitor_5,2024-12-01T13:41:07.018525,,,Poor,
EyeCon2_3,2024-12-01T13:41:07.018530,,,,97.5
HumidiProbe_4,2024-12-01T13:41:07.018535,,50.53,,
HumidiProbe_8,2024-12-01T13:41:07.018544,,59.14,,
EyeCon2_2,2024-12-01T13:41:07.018549,,,,1391.1
TempSensor_4,2024-12-01T13:41:07.018553,27.66,38.67,,
HumidiProbe_5,2024-12-01T13:41:07.018559,,58.74,,
HumidiProbe_5,2024-12-01T13:41:07.018563,,31.25,,
HumidiProbe_5,2024-12-01T13:41:07.018567,,59.97,,
TempSensor_2,2024-12-01T13:41:07.018572,21.67,33.09,,
EyeCon2_3,2024-12-01T13:41:07.018577,,,,4992.67
EyeCon2_1,2024-12-01T13:41:07.018582,,,,5168.52
CleanMonitor_1,2024-12-01T13:41:07.018586,,,Good,
CleanMonitor_3,2024-12-01T13:41:07.018590,,,Moderate,
CleanMonitor_2,2024-12-01T13:41:07.018594,,,Good,
EyeCon2_2,2024-12-01T13:41:07.018599,,,,5343.19
EyeCon2_2,2024-12-01T13:41:07.018603,,,,4129.33
EyeCon2_2,2024-12-01T13:41:07.018607,,,,3442.01
HumidiProbe_10,2024-12-01T13:41:07.018612,,51.62,,
TempSensor_5,2024-12-01T13:41:07.018617,25.1,35.29,,
HumidiProbe_5,2024-12-01T13:41:07.018622,,62.71,,
TempSensor_1,2024-12-01T13:41:07.018627,28.97,32.42,,
CleanMonitor_4,2024-12-01T13:41:07.018632,,,Moderate,
EyeCon2_1,2024-12-01T13:41:07.018637,,,,3470.44
CleanMonitor_1,2024-12-01T13:41:07.018642,,,Poor,
HumidiProbe_7,2024-12-01T13:41:07.018646,,45.08,,
HumidiProbe_1,2024-12-01T13:41:07.018650,,62.62,,
TempSensor_9,2024-12-01T13:41:07.018655,23.21,35.07,,
TempSensor_6,2024-12-01T13:41:07.018660,20.25,47.42,,
EyeCon2_2,2024-12-01T13:41:07.018666,,,,309.33
CleanMonitor_3,2024-12-01T13:41:07.018671,,,Moderate,
EyeCon2_3,2024-12-01T13:41:07.018675,,,,4564.44
EyeCon2_3,2024-12-01T13:41:07.018679,,,,4814.41
TempSensor_9,2024-12-01T13:41:07.018684,28.65,52.97,,
CleanMonitor_1,2024-12-01T13:41:07.018689,,,Moderate,
EyeCon2_3,2024-12-01T13:41:07.018694,,,,4527.15
CleanMonitor_2,2024-12-01T13:41:07.018698,,,Good,
HumidiProbe_1,2024-12-01T13:41:07.018702,,58.79,,
CleanMonitor_2,2024-12-01T13:41:07.018707,,,Poor,
CleanMonitor_3,2024-12-01T13:41:07.018711,,,Good,
CleanMonitor_4,2024-12-01T13:41:07.018716,,,Good,
HumidiProbe_7,2024-12-01T13:41:07.018720,,39.73,,
EyeCon2_3,2024-12-01T13:41:07.018725,,,,5322.68
HumidiProbe_10,2024-12-01T13:41:07.018729,,49.64,,
TempSensor_5,2024-12-01T13:41:07.018734,27.75,42.24,,
EyeCon2_2,2024-12-01T13:41:07.018739,,,,573.05
CleanMonitor_5,2024-12-01T13:41:07.018743,,,Poor,
TempSensor_1,2024-12-01T13:41:07.018749,25.12,42.61,,
HumidiProbe_1,2024-12-01T13:41:07.018754,,59.01,,
HumidiProbe_2,2024-12-01T13:41:07.018759,,58.9,,
EyeCon2_2,2024-12-01T13:41:07.018763,,,,3845.77
CleanMonitor_3,2024-12-01T13:41:07.018768,,,Moderate,
TempSensor_1,2024-12-01T13:41:07.018772,23.74,54.44,,
CleanMonitor_5,2024-12-01T13:41:07.018778,,,Good,
CleanMonitor_5,2024-12-01T13:41:07.018783,,,Good,
EyeCon2_1,2024-12-01T13:41:07.018787,,,,2680.71
EyeCon2_1,2024-12-01T13:41:07.018792,,,,3745.93
TempSensor_3,2024-12-01T13:41:07.018797,20.23,36.47,,
EyeCon2_2,2024-12-01T13:41:07.018802,,,,1908.17
HumidiProbe_9,2024-12-01T13:41:07.018806,,36.72,,
CleanMonitor_2,2024-12-01T13:41:07.018811,,,Poor,
CleanMonitor_2,2024-12-01T13:41:07.018815,,,Moderate,
TempSensor_3,2024-12-01T13:41:07.018819,24.96,36.71,,
CleanMonitor_4,2024-12-01T13:41:07.018825,,,Good,
HumidiProbe_3,2024-12-01T13:41:07.018829,,30.68,,
CleanMonitor_1,2024-12-01T13:41:07.018834,,,Good,
HumidiProbe_2,2024-12-01T13:41:07.018838,,51.7,,
EyeCon2_1,2024-12-01T13:41:07.018842,,,,3337.61
HumidiProbe_10,2024-12-01T13:41:07.018847,,53.43,,
EyeCon2_2,2024-12-01T13:41:07.018852,,,,1371.53
EyeCon2_1,2024-12-01T13:41:07.018857,,,,272.91
HumidiProbe_5,2024-12-01T13:41:07.018861,,39.25,,
TempSensor_6,2024-12-01T13:41:07.018866,24.6,47.06,,
CleanMonitor_3,2024-12-01T13:41:07.018871,,,Moderate,
EyeCon2_2,2024-12-01T13:41:07.018876,,,,3076.61
HumidiProbe_5,2024-12-01T13:41:07.018881,,55.59,,
TempSensor_9,2024-12-01T13:41:07.018886,25.35,57.92,,
CleanMonitor_4,2024-12-01T13:41:07.018891,,,Poor,
CleanMonitor_2,2024-12-01T13:41:07.018895,,,Good,
CleanMonitor_4,2024-12-01T13:41:07.018899,,,Good,
TempSensor_7,2024-12-01T13:41:07.018903,25.26,41.26,,
EyeCon2_1,2024-12-01T13:41:07.018909,,,,5495.09
HumidiProbe_6,2024-12-01T13:41:07.018913,,32.1,,
EyeCon2_1,2024-12-01T13:41:07.018918,,,,1648.92
HumidiProbe_8,2024-12-01T13:41:07.018923,,59.4,,
CleanMonitor_4,2024-12-01T13:41:07.018927,,,Moderate,
EyeCon2_1,2024-12-01T13:41:07.018932,,,,4932.54
TempSensor_4,2024-12-01T13:41:07.018936,22.43,50.69,,
TempSensor_10,2024-12-01T13:41:07.018941,28.43,54.47,,
CleanMonitor_2,2024-12-01T13:41:07.018947,,,Poor,
EyeCon2_3,2024-12-01T13:41:07.018951,,,,1470.45
HumidiProbe_9,2024-12-01T13:41:07.018956,,44.03,,
TempSensor_5,2024-12-01T13:41:07.018960,22.07,46.11,,
TempSensor_3,2024-12-01T13:41:07.018966,22.37,51.88,,
CleanMonitor_4,2024-12-01T13:41:07.018971,,,Good,
TempSensor_6,2024-12-01T13:41:07.018975,25.65,43.41,,
EyeCon2_1,2024-12-01T13:41:07.018980,,,,2617.76
CleanMonitor_1,2024-12-01T13:41:07.018985,,,Good,
TempSensor_2,2024-12-01T13:41:07.018989,22.91,52.27,,
EyeCon2_2,2024-12-01T13:41:07.018994,,,,2394.08
EyeCon2_2,2024-12-01T13:41:07.018999,,,,1913.63
CleanMonitor_2,2024-12-01T13:41:07.019004,,,Poor,
HumidiProbe_1,2024-12-01T13:41:07.019008,,41.08,,
TempSensor_9,2024-12-01T13:41:07.019013,26.32,33.67,,
HumidiProbe_9,2024-12-01T13:41:07.019018,,47.15,,
TempSensor_8,2024-12-01T13:41:07.019022,29.38,45.27,,
TempSensor_2,2024-12-01T13:41:07.019028,21.53,30.21,,
EyeCon2_3,2024-12-01T13:41:07.019033,,,,5211.74
CleanMonitor_3,2024-12-01T13:41:07.019037,,,Poor,
EyeCon2_2,2024-12-01T13:41:07.019042,,,,3603.22
EyeCon2_3,2024-12-01T13:41:07.019047,,,,2811.69
HumidiProbe_9,2024-12-01T13:41:07.019051,,57.99,,
EyeCon2_1,2024-12-01T13:41:07.019056,,,,4968.23
TempSensor_5,2024-12-01T13:41:07.019060,21.65,33.83,,
TempSensor_2,2024-12-01T13:41:07.019065,29.02,53.12,,
TempSensor_8,2024-12-01T13:41:07.019071,22.85,36.3,,
EyeCon2_1,2024-12-01T13:41:07.019076,,,,5418.38
TempSensor_4,2024-12-01T13:41:07.019080,20.95,33.2,,
CleanMonitor_4,2024-12-01T13:41:07.019086,,,Good,
HumidiProbe_8,2024-12-01T13:41:07.019090,,48.73,,
HumidiProbe_4,2024-12-01T13:41:07.019095,,55.77,,
EyeCon2_1,2024-12-01T13:41:07.019100,,,,3186.33
TempSensor_5,2024-12-01T13:41:07.019104,25.69,53.32,,
EyeCon2_3,2024-12-01T13:41:07.019109,,,,5399.42
HumidiProbe_6,2024-12-01T13:41:07.019114,,65.99,,
TempSensor_1,2024-12-01T13:41:07.019119,24.78,58.7,,
HumidiProbe_8,2024-12-01T13:41:07.019124,,60.04,,
HumidiProbe_8,2024-12-01T13:41:07.019129,,65.93,,
TempSensor_9,2024-12-01T13:41:07.019133,22.04,45.98,,
TempSensor_7,2024-12-01T13:41:07.019139,20.8,57.18,,
CleanMonitor_2,2024-12-01T13:41:07.019144,,,Moderate,
CleanMonitor_2,2024-12-01T13:41:07.019149,,,Poor,
CleanMonitor_3,2024-12-01T13:41:07.019153,,,Good,
HumidiProbe_1,2024-12-01T13:41:07.019158,,51.72,,
HumidiProbe_5,2024-12-01T13:41:07.019162,,66.47,,
TempSensor_4,2024-12-01T13:41:07.019167,29.73,50.33,,
TempSensor_6,2024-12-01T13:41:07.019172,27.86,35.46,,
CleanMonitor_4,2024-12-01T13:41:07.019178,,,Moderate,
HumidiProbe_2,2024-12-01T13:41:07.019182,,54.9,,
HumidiProbe_4,2024-12-01T13:41:07.019189,,35.06,,
EyeCon2_3,2024-12-01T13:41:07.019196,,,,686.03
HumidiProbe_8,2024-12-01T13:41:07.019204,,59.93,,
TempSensor_7,2024-12-01T13:41:07.019212,25.43,56.83,,
HumidiProbe_7,2024-12-01T13:41:07.019366,,37.13,,
TempSensor_10,2024-12-01T13:41:07.019376,21.95,32.54,,
EyeCon2_2,2024-12-01T13:41:07.019382,,,,4636.81
EyeCon2_1,2024-12-01T13:41:07.019387,,,,3763.16
CleanMonitor_4,2024-12-01T13:41:07.019392,,,Poor,
CleanMonitor_2,2024-12-01T13:41:07.019397,,,Moderate,
HumidiProbe_10,2024-12-01T13:41:07.019401,,30.93,,
EyeCon2_3,2024-12-01T13:41:07.019405,,,,491.71
HumidiProbe_3,2024-12-01T13:41:07.019410,,61.33,,
TempSensor_9,2024-12-01T13:41:07.019415,29.82,53.16,,
HumidiProbe_8,2024-12-01T13:41:07.019420,,67.28,,
EyeCon2_2,2024-12-01T13:41:07.019425,,,,2427.05
TempSensor_4,2024-12-01T13:41:07.019430,23.1,34.57,,
CleanMonitor_4,2024-12-01T13:41:07.019435,,,Poor,
TempSensor_9,2024-12-01T13:41:07.019439,22.6,31.74,,
EyeCon2_2,2024-12-01T13:41:07.019445,,,,1867.74
EyeCon2_2,2024-12-01T13:41:07.019449,,,,2571.64
TempSensor_9,2024-12-01T13:41:07.019454,20.84,32.1,,
HumidiProbe_6,2024-12-01T13:41:07.019459,,52.67,,
HumidiProbe_1,2024-12-01T13:41:07.019463,,41.41,,
EyeCon2_2,2024-12-01T13:41:07.019468,,,,2626.41
CleanMonitor_5,2024-12-01T13:41:07.019472,,,Moderate,
TempSensor_3,2024-12-01T13:41:07.019477,22.56,57.45,,
CleanMonitor_3,2024-12-01T13:41:07.019482,,,Good,
TempSensor_1,2024-12-01T13:41:07.019487,26.66,42.22,,
EyeCon2_3,2024-12-01T13:41:07.019492,,,,2342.59
CleanMonitor_4,2024-12-01T13:41:07.019497,,,Moderate,
HumidiProbe_9,2024-12-01T13:41:07.019501,,59.13,,
EyeCon2_1,2024-12-01T13:41:07.019506,,,,3406.05
CleanMonitor_4,2024-12-01T13:41:07.019510,,,Good,
CleanMonitor_3,2024-12-01T13:41:07.019515,,,Moderate,
TempSensor_6,2024-12-01T13:41:07.019519,29.81,38.65,,
EyeCon2_2,2024-12-01T13:41:07.019525,,,,2274.19
EyeCon2_2,2024-12-01T13:41:07.019530,,,,1458.87
EyeCon2_1,2024-12-01T13:41:07.019534,,,,3924.01
TempSensor_1,2024-12-01T13:41:07.019545,28.98,33.68,,
EyeCon2_2,2024-12-01T13:41:07.019551,,,,4094.7
TempSensor_5,2024-12-01T13:41:07.019555,23.64,46.46,,
TempSensor_1,2024-12-01T13:41:07.019561,28.35,46.72,,
HumidiProbe_5,2024-12-01T13:41:07.019566,,43.27,,
TempSensor_1,2024-12-01T13:41:07.019570,26.59,31.62,,
HumidiProbe_4,2024-12-01T13:41:07.019576,,49.61,,
TempSensor_8,2024-12-01T13:41:07.019580,20.55,30.7,,
HumidiProbe_5,2024-12-01T13:41:07.019585,,33.93,,
CleanMonitor_3,2024-12-01T13:41:07.019590,,,Poor,
EyeCon2_2,2024-12-01T13:41:07.019594,,,,4506.2
TempSensor_3,2024-12-01T13:41:07.019599,29.76,35.7,,
HumidiProbe_3,2024-12-01T13:41:07.019604,,36.68,,
CleanMonitor_2,2024-12-01T13:41:07.019609,,,Moderate,
CleanMonitor_3,2024-12-01T13:41:07.019613,,,Good,
CleanMonitor_1,2024-12-01T13:41:07.019617,,,Poor,
HumidiProbe_10,2024-12-01T13:41:07.019622,,48.26,,
HumidiProbe_6,2024-12-01T13:41:07.019626,,39.41,,
EyeCon2_1,2024-12-01T13:41:07.019631,,,,2495.49
CleanMonitor_5,2024-12-01T13:41:07.019635,,,Poor,
HumidiProbe_6,2024-12-01T13:41:07.019640,,56.42,,
EyeCon2_2,2024-12-01T13:41:07.019644,,,,1998.03
EyeCon2_2,2024-12-01T13:41:07.019649,,,,4569.84
CleanMonitor_5,2024-12-01T13:41:07.019654,,,Poor,
CleanMonitor_1,2024-12-01T13:41:07.019658,,,Moderate,
HumidiProbe_4,2024-12-01T13:41:07.019662,,59.94,,
CleanMonitor_5,2024-12-01T13:41:07.019668,,,Good,
TempSensor_6,2024-12-01T13:41:07.019672,23.4,55.69,,
TempSensor_4,2024-12-01T13:41:07.019677,20.11,52.95,,
EyeCon2_2,2024-12-01T13:41:07.019682,,,,948.97
CleanMonitor_1,2024-12-01T13:41:07.019687,,,Poor,
CleanMonitor_4,2024-12-01T13:41:07.019691,,,Moderate,
EyeCon2_1,2024-12-01T13:41:07.019696,,,,3358.56
EyeCon2_2,2024-12-01T13:41:07.019700,,,,2356.3
CleanMonitor_5,2024-12-01T13:41:07.019705,,,Moderate,
TempSensor_10,2024-12-01T13:41:07.019709,26.82,41.6,,
TempSensor_7,2024-12-01T13:41:07.019714,29.32,37.55,,
TempSensor_10,2024-12-01T13:41:07.019719,25.1,52.9,,
TempSensor_7,2024-12-01T13:41:07.019724,22.37,42.09,,
CleanMonitor_3,2024-12-01T13:41:07.019730,,,Moderate,
CleanMonitor_3,2024-12-01T13:41:07.019734,,,Good,
EyeCon2_3,2024-12-01T13:41:07.019738,,,,2552.96
TempSensor_7,2024-12-01T13:41:07.019743,24.65,58.65,,
EyeCon2_2,2024-12-01T13:41:07.019748,,,,2149.19
EyeCon2_1,2024-12-01T13:41:07.019753,,,,1578.16
TempSensor_4,2024-12-01T13:41:07.019757,22.08,42.29,,
TempSensor_9,2024-12-01T13:41:07.019763,20.94,53.27,,
HumidiProbe_7,2024-12-01T13:41:07.019768,,53.03,,
CleanMonitor_1,2024-12-01T13:41:07.019773,,,Poor,
EyeCon2_2,2024-12-01T13:41:07.019777,,,,1287.64
EyeCon2_1,2024-12-01T13:41:07.019782,,,,4528.83
EyeCon2_3,2024-12-01T13:41:07.019786,,,,2791.99
EyeCon2_3,2024-12-01T13:41:07.019791,,,,2087.65
TempSensor_2,2024-12-01T13:41:07.019795,27.97,56.08,,
EyeCon2_2,2024-12-01T13:41:07.019801,,,,4823.57
TempSensor_6,2024-12-01T13:41:07.019805,27.35,56.78,,
TempSensor_10,2024-12-01T13:41:07.019811,21.16,43.51,,
CleanMonitor_5,2024-12-01T13:41:07.019816,,,Good,
HumidiProbe_8,2024-12-01T13:41:07.019820,,64.55,,
CleanMonitor_2,2024-12-01T13:41:07.019825,,,Good,
EyeCon2_1,2024-12-01T13:41:07.019829,,,,929.79
HumidiProbe_1,2024-12-01T13:41:07.019834,,63.28,,
EyeCon2_1,2024-12-01T13:41:07.019839,,,,2076.31
TempSensor_2,2024-12-01T13:41:07.019843,20.13,56.2,,
CleanMonitor_4,2024-12-01T13:41:07.019848,,,Poor,
HumidiProbe_10,2024-12-01T13:41:07.019853,,65.94,,
HumidiProbe_10,2024-12-01T13:41:07.019858,,43.48,,
CleanMonitor_1,2024-12-01T13:41:07.019862,,,Poor,
EyeCon2_1,2024-12-01T13:41:07.019867,,,,3184.25
TempSensor_8,2024-12-01T13:41:07.019871,23.19,50.69,,
EyeCon2_2,2024-12-01T13:41:07.019877,,,,1210.29
CleanMonitor_4,2024-12-01T13:41:07.019881,,,Good,
HumidiProbe_7,2024-12-01T13:41:07.019886,,43.71,,
CleanMonitor_5,2024-12-01T13:41:07.019891,,,Good,
CleanMonitor_3,2024-12-01T13:41:07.019895,,,Good,
HumidiProbe_5,2024-12-01T13:41:07.019899,,64.51,,
EyeCon2_2,2024-12-01T13:41:07.019904,,,,878.48
TempSensor_2,2024-12-01T13:41:07.019909,24.22,32.33,,
CleanMonitor_3,2024-12-01T13:41:07.019914,,,Moderate,
CleanMonitor_5,2024-12-01T13:41:07.019918,,,Good,
CleanMonitor_4,2024-12-01T13:41:07.019923,,,Moderate,
HumidiProbe_6,2024-12-01T13:41:07.019927,,38.37,,
TempSensor_7,2024-12-01T13:41:07.019931,20.11,58.06,,
CleanMonitor_1,2024-12-01T13:41:07.019937,,,Good,
CleanMonitor_3,2024-12-01T13:41:07.019941,,,Good,
CleanMonitor_4,2024-12-01T13:41:07.019945,,,Poor,
CleanMonitor_1,2024-12-01T13:41:07.019949,,,Good,
TempSensor_2,2024-12-01T13:41:07.019953,28.05,53.42,,
TempSensor_10,2024-12-01T13:41:07.019958,27.78,44.18,,
CleanMonitor_5,2024-12-01T13:41:07.019964,,,Moderate,
TempSensor_9,2024-12-01T13:41:07.019969,28.85,34.28,,
TempSensor_9,2024-12-01T13:41:07.019974,26.06,49.93,,
EyeCon2_1,2024-12-01T13:41:07.019980,,,,1578.42
HumidiProbe_7,2024-12-01T13:41:07.019984,,42.45,,
TempSensor_5,2024-12-01T13:41:07.019989,27.62,52.79,,
TempSensor_2,2024-12-01T13:41:07.019994,23.12,45.27,,
HumidiProbe_5,2024-12-01T13:41:07.020000,,62.19,,
HumidiProbe_9,2024-12-01T13:41:07.020004,,59.93,,
CleanMonitor_4,2024-12-01T13:41:07.020009,,,Good,
CleanMonitor_2,2024-12-01T13:41:07.020013,,,Poor,
EyeCon2_1,2024-12-01T13:41:07.020017,,,,520.43
CleanMonitor_2,2024-12-01T13:41:07.020022,,,Poor,
EyeCon2_1,2024-12-01T13:41:07.020026,,,,742.52
CleanMonitor_5,2024-12-01T13:41:07.020031,,,Moderate,
EyeCon2_2,2024-12-01T13:41:07.020035,,,,3760.59
CleanMonitor_1,2024-12-01T13:41:07.020040,,,Good,
TempSensor_4,2024-12-01T13:41:07.020045,21.15,52.75,,
TempSensor_6,2024-12-01T13:41:07.020050,21.25,49.36,,
CleanMonitor_1,2024-12-01T13:41:07.020056,,,Good,
EyeCon2_2,2024-12-01T13:41:07.020060,,,,768.88
EyeCon2_1,2024-12-01T13:41:07.020065,,,,1432.43
CleanMonitor_2,2024-12-01T13:41:07.020069,,,Moderate,
HumidiProbe_1,2024-12-01T13:41:07.020073,,47.05,,
TempSensor_3,2024-12-01T13:41:07.020078,22.71,40.22,,
CleanMonitor_5,2024-12-01T13:41:07.020083,,,Poor,
HumidiProbe_3,2024-12-01T13:41:07.020088,,62.16,,
CleanMonitor_3,2024-12-01T13:41:07.020092,,,Good,
TempSensor_6,2024-12-01T13:41:07.020097,23.96,41.82,,
TempSensor_8,2024-12-01T13:41:07.020102,27.05,35.36,,
CleanMonitor_5,2024-12-01T13:41:07.020107,,,Good,
EyeCon2_1,2024-12-01T13:41:07.020112,,,,5121.62
HumidiProbe_1,2024-12-01T13:41:07.020116,,35.04,,
CleanMonitor_1,2024-12-01T13:41:07.020121,,,Good,
HumidiProbe_8,2024-12-01T13:41:07.020125,,51.28,,
CleanMonitor_2,2024-12-01T13:41:07.020129,,,Good,
TempSensor_7,2024-12-01T13:41:07.020133,28.5,46.23,,
HumidiProbe_5,2024-12-01T13:41:07.020139,,67.27,,
CleanMonitor_2,2024-12-01T13:41:07.020143,,,Moderate,
TempSensor_8,2024-12-01T13:41:07.020147,26.54,40.78,,
TempSensor_9,2024-12-01T13:41:07.020152,20.67,33.11,,
HumidiProbe_1,2024-12-01T13:41:07.020158,,56.5,,
EyeCon2_1,2024-12-01T13:41:07.020163,,,,4182.83
HumidiProbe_5,2024-12-01T13:41:07.020167,,63.84,,
TempSensor_4,2024-12-01T13:41:07.020171,23.75,43.85,,
HumidiProbe_5,2024-12-01T13:41:07.020177,,41.46,,
HumidiProbe_10,2024-12-01T13:41:07.020182,,30.48,,
EyeCon2_1,2024-12-01T13:41:07.020186,,,,5245.62
HumidiProbe_8,2024-12-01T13:41:07.020191,,56.49,,
EyeCon2_2,2024-12-01T13:41:07.020195,,,,905.19
EyeCon2_3,2024-12-01T13:41:07.020199,,,,1258.59
HumidiProbe_8,2024-12-01T13:41:07.020204,,41.43,,
CleanMonitor_3,2024-12-01T13:41:07.020209,,,Good,
CleanMonitor_2,2024-12-01T13:41:07.020213,,,Good,
TempSensor_9,2024-12-01T13:41:07.020217,28.09,46.03,,
CleanMonitor_2,2024-12-01T13:41:07.020222,,,Good,
CleanMonitor_3,2024-12-01T13:41:07.020227,,,Poor,
TempSensor_3,2024-12-01T13:41:07.020231,29.93,35.4,,
CleanMonitor_5,2024-12-01T13:41:07.020236,,,Moderate,
CleanMonitor_5,2024-12-01T13:41:07.020241,,,Poor,
HumidiProbe_7,2024-12-01T13:41:07.020245,,69.2,,
EyeCon2_3,2024-12-01T13:41:07.020249,,,,4447.74
CleanMonitor_5,2024-12-01T13:41:07.020254,,,Moderate,
CleanMonitor_3,2024-12-01T13:41:07.020258,,,Good,
TempSensor_10,2024-12-01T13:41:07.020262,24.07,39.19,,
EyeCon2_2,2024-12-01T13:41:07.020268,,,,5176.56
EyeCon2_2,2024-12-01T13:41:07.020272,,,,92.11
TempSensor_3,2024-12-01T13:41:07.020277,22.19,51.44,,
TempSensor_9,2024-12-01T13:41:07.020282,28.57,51.48,,
EyeCon2_1,2024-12-01T13:41:07.020288,,,,2457.32
EyeCon2_2,2024-12-01T13:41:07.020295,,,,3931.64
EyeCon2_3,2024-12-01T13:41:07.020299,,,,471.99
CleanMonitor_1,2024-12-01T13:41:07.020304,,,Moderate,
EyeCon2_3,2024-12-01T13:41:07.020323,,,,3535.04
EyeCon2_3,2024-12-01T13:41:07.020331,,,,3520.5
EyeCon2_1,2024-12-01T13:41:07.020339,,,,5051.48
TempSensor_4,2024-12-01T13:41:07.020345,21.9,30.59,,
EyeCon2_1,2024-12-01T13:41:07.020353,,,,4037.79
HumidiProbe_5,2024-12-01T13:41:07.020360,,65.9,,
CleanMonitor_2,2024-12-01T13:41:07.020369,,,Poor,
CleanMonitor_1,2024-12-01T13:41:07.020376,,,Poor,
HumidiProbe_9,2024-12-01T13:41:07.020381,,58.45,,
TempSensor_3,2024-12-01T13:41:07.020386,27.35,44.41,,
CleanMonitor_5,2024-12-01T13:41:07.020391,,,Poor,
CleanMonitor_4,2024-12-01T13:41:07.020395,,,Good,
TempSensor_4,2024-12-01T13:41:07.020400,27.91,40.25,,
TempSensor_4,2024-12-01T13:41:07.020405,25.8,54.68,,
CleanMonitor_5,2024-12-01T13:41:07.020411,,,Poor,
EyeCon2_3,2024-12-01T13:41:07.020415,,,,1214.53
TempSensor_9,2024-12-01T13:41:07.020419,28.66,55.5,,
CleanMonitor_1,2024-12-01T13:41:07.020425,,,Moderate,
CleanMonitor_4,2024-12-01T13:41:07.020429,,,Moderate,
EyeCon2_2,2024-12-01T13:41:07.020434,,,,4808.28
CleanMonitor_1,2024-12-01T13:41:07.020438,,,Moderate,
CleanMonitor_3,2024-12-01T13:41:07.020443,,,Poor,
TempSensor_8,2024-12-01T13:41:07.020447,25.69,59.18,,
TempSensor_9,2024-12-01T13:41:07.020453,24.98,47.68,,
HumidiProbe_9,2024-12-01T13:41:07.020458,,46.83,,
EyeCon2_3,2024-12-01T13:41:07.020462,,,,4292.93
HumidiProbe_3,2024-12-01T13:41:07.020467,,56.74,,
EyeCon2_1,2024-12-01T13:41:07.020472,,,,3665.67
TempSensor_1,2024-12-01T13:41:07.020477,20.29,50.67,,
TempSensor_2,2024-12-01T13:41:07.020482,26.14,35.97,,
HumidiProbe_2,2024-12-01T13:41:07.020488,,64.95,,
CleanMonitor_1,2024-12-01T13:41:07.020492,,,Moderate,
HumidiProbe_2,2024-12-01T13:41:07.020496,,64.46,,
TempSensor_1,2024-12-01T13:41:07.020501,22.37,51.03,,
TempSensor_5,2024-12-01T13:41:07.020506,22.53,33.09,,
TempSensor_2,2024-12-01T13:41:07.020512,23.55,48.89,,
EyeCon2_3,2024-12-01T13:41:07.020517,,,,4370.53
HumidiProbe_1,2024-12-01T13:41:07.020522,,34.96,,
TempSensor_2,2024-12-01T13:41:07.020526,29.41,54.78,,
TempSensor_5,2024-12-01T13:41:07.020531,27.37,40.16,,
CleanMonitor_4,2024-12-01T13:41:07.020543,,,Good,
EyeCon2_2,2024-12-01T13:41:07.020548,,,,1778.95
HumidiProbe_6,2024-12-01T13:41:07.020553,,68.33,,
EyeCon2_3,2024-12-01T13:41:07.020558,,,,3574.45
HumidiProbe_9,2024-12-01T13:41:07.020562,,49.96,,
TempSensor_7,2024-12-01T13:41:07.020566,20.54,56.62,,
TempSensor_7,2024-12-01T13:41:07.020573,29.56,57.19,,
EyeCon2_1,2024-12-01T13:41:07.020578,,,,5423.47
HumidiProbe_9,2024-12-01T13:41:07.020583,,40.41,,
HumidiProbe_1,2024-12-01T13:41:07.020587,,64.11,,
HumidiProbe_4,2024-12-01T13:41:07.020592,,46.16,,
HumidiProbe_9,2024-12-01T13:41:07.020596,,53.01,,
HumidiProbe_7,2024-12-01T13:41:07.020601,,35.1,,
CleanMonitor_2,2024-12-01T13:41:07.020606,,,Good,
TempSensor_9,2024-12-01T13:41:07.020610,25.5,36.44,,
EyeCon2_3,2024-12-01T13:41:07.020616,,,,1891.5
HumidiProbe_8,2024-12-01T13:41:07.020620,,66.85,,
EyeCon2_3,2024-12-01T13:41:07.020625,,,,2776.87
CleanMonitor_2,2024-12-01T13:41:07.020629,,,Poor,
CleanMonitor_2,2024-12-01T13:41:07.020634,,,Poor,
EyeCon2_2,2024-12-01T13:41:07.020638,,,,2396.58
CleanMonitor_4,2024-12-01T13:41:07.020642,,,Poor,
HumidiProbe_1,2024-12-01T13:41:07.020647,,36.3,,
EyeCon2_1,2024-12-01T13:41:07.020652,,,,2884.62
TempSensor_7,2024-12-01T13:41:07.020656,21.03,38.49,,
CleanMonitor_2,2024-12-01T13:41:07.020662,,,Good,
CleanMonitor_3,2024-12-01T13:41:07.020667,,,Poor,
HumidiProbe_10,2024-12-01T13:41:07.020671,,43.33,,
TempSensor_3,2024-12-01T13:41:07.020676,27.99,56.09,,
HumidiProbe_5,2024-12-01T13:41:07.020681,,64.99,,
CleanMonitor_1,2024-12-01T13:41:07.020686,,,Moderate,
CleanMonitor_4,2024-12-01T13:41:07.020690,,,Moderate,
EyeCon2_1,2024-12-01T13:41:07.020694,,,,1193.5
EyeCon2_1,2024-12-01T13:41:07.020699,,,,5127.21
CleanMonitor_5,2024-12-01T13:41:07.020704,,,Poor,
CleanMonitor_5,2024-12-01T13:41:07.020709,,,Poor,
HumidiProbe_8,2024-12-01T13:41:07.020713,,49.8,,
CleanMonitor_5,2024-12-01T13:41:07.020718,,,Good,
TempSensor_10,2024-12-01T13:41:07.020722,23.03,30.94,,
TempSensor_3,2024-12-01T13:41:07.020728,25.67,56.58,,
HumidiProbe_7,2024-12-01T13:41:07.020733,,58.26,,
HumidiProbe_3,2024-12-01T13:41:07.020738,,43.77,,
HumidiProbe_2,2024-12-01T13:41:07.020742,,65.3,,
HumidiProbe_7,2024-12-01T13:41:07.020747,,45.47,,
TempSensor_3,2024-12-01T13:41:07.020751,24.95,41.73,,
CleanMonitor_5,2024-12-01T13:41:07.020757,,,Good,
HumidiProbe_3,2024-12-01T13:41:07.020761,,56.16,,
CleanMonitor_2,2024-12-01T13:41:07.020765,,,Moderate,
CleanMonitor_4,2024-12-01T13:41:07.020769,,,Moderate,
CleanMonitor_1,2024-12-01T13:41:07.020773,,,Poor,
HumidiProbe_5,2024-12-01T13:41:07.020778,,53.36,,
HumidiProbe_10,2024-12-01T13:41:07.020783,,69.49,,
TempSensor_4,2024-12-01T13:41:07.020787,29.88,31.78,,
CleanMonitor_3,2024-12-01T13:41:07.020793,,,Good,
TempSensor_5,2024-12-01T13:41:07.020797,23.29,52.47,,
EyeCon2_3,2024-12-01T13:41:07.020802,,,,2882.94
CleanMonitor_3,2024-12-01T13:41:07.020807,,,Moderate,
EyeCon2_1,2024-12-01T13:41:07.020811,,,,3776.7
HumidiProbe_7,2024-12-01T13:41:07.020815,,64.89,,
CleanMonitor_5,2024-12-01T13:41:07.020820,,,Moderate,
HumidiProbe_1,2024-12-01T13:41:07.020824,,45.37,,
TempSensor_1,2024-12-01T13:41:07.020829,26.21,49.74,,
EyeCon2_1,2024-12-01T13:41:07.020834,,,,4172.94
EyeCon2_1,2024-12-01T13:41:07.020839,,,,1900.32
CleanMonitor_4,2024-12-01T13:41:07.020843,,,Moderate,
CleanMonitor_3,2024-12-01T13:41:07.020848,,,Poor,
EyeCon2_3,2024-12-01T13:41:07.020852,,,,2182.57
HumidiProbe_1,2024-12-01T13:41:07.020857,,41.63,,
EyeCon2_1,2024-12-01T13:41:07.020861,,,,1994.89
TempSensor_3,2024-12-01T13:41:07.020865,27.43,43.55,,
TempSensor_10,2024-12-01T13:41:07.020871,26.7,55.83,,
CleanMonitor_3,2024-12-01T13:41:07.020877,,,Poor,
EyeCon2_1,2024-12-01T13:41:07.020881,,,,4268.16
EyeCon2_2,2024-12-01T13:41:07.020886,,,,4868.14
CleanMonitor_3,2024-12-01T13:41:07.020890,,,Moderate,
CleanMonitor_3,2024-12-01T13:41:07.020895,,,Moderate,
CleanMonitor_1,2024-12-01T13:41:07.020900,,,Poor,
TempSensor_5,2024-12-01T13:41:07.020904,20.11,50.21,,
TempSensor_7,2024-12-01T13:41:07.020910,23.6,52.4,,
CleanMonitor_3,2024-12-01T13:41:07.020915,,,Poor,
HumidiProbe_6,2024-12-01T13:41:07.020920,,48.35,,
HumidiProbe_5,2024-12-01T13:41:07.020925,,47.79,,
HumidiProbe_8,2024-12-01T13:41:07.020930,,35.48,,
EyeCon2_2,2024-12-01T13:41:07.020935,,,,1714.33
HumidiProbe_1,2024-12-01T13:41:07.020940,,42.4,,
CleanMonitor_5,2024-12-01T13:41:07.020944,,,Moderate,
EyeCon2_2,2024-12-01T13:41:07.020949,,,,1505.7
HumidiProbe_7,2024-12-01T13:41:07.020953,,63.17,,
TempSensor_8,2024-12-01T13:41:07.020958,27.28,38.95,,
TempSensor_1,2024-12-01T13:41:07.020963,21.49,49.87,,
TempSensor_8,2024-12-01T13:41:07.020968,22.71,57.08,,
EyeCon2_2,2024-12-01T13:41:07.020974,,,,4727.87
HumidiProbe_4,2024-12-01T13:41:07.020978,,60.79,,
TempSensor_6,2024-12-01T13:41:07.020983,28.33,54.58,,
CleanMonitor_3,2024-12-01T13:41:07.020988,,,Good,
TempSensor_4,2024-12-01T13:41:07.020993,20.91,47.3,,
HumidiProbe_9,2024-12-01T13:41:07.020998,,45.87,,
EyeCon2_2,2024-12-01T13:41:07.021003,,,,239.32
HumidiProbe_3,2024-12-01T13:41:07.021008,,43.14,,
EyeCon2_1,2024-12-01T13:41:07.021012,,,,4299.47
EyeCon2_1,2024-12-01T13:41:07.021016,,,,222.59
CleanMonitor_1,2024-12-01T13:41:07.021021,,,Poor,
HumidiProbe_7,2024-12-01T13:41:07.021025,,64.64,,
CleanMonitor_4,2024-12-01T13:41:07.021030,,,Good,
HumidiProbe_2,2024-12-01T13:41:07.021034,,51.77,,
HumidiProbe_9,2024-12-01T13:41:07.021039,,59.97,,
CleanMonitor_1,2024-12-01T13:41:07.021044,,,Moderate,
TempSensor_6,2024-12-01T13:41:07.021048,26.38,33.37,,
HumidiProbe_5,2024-12-01T13:41:07.021054,,56.51,,
HumidiProbe_4,2024-12-01T13:41:07.021058,,42.06,,
HumidiProbe_9,2024-12-01T13:41:07.021063,,63.04,,
TempSensor_1,2024-12-01T13:41:07.021067,27.01,32.27,,
TempSensor_5,2024-12-01T13:41:07.021072,24.06,53.43,,
TempSensor_10,2024-12-01T13:41:07.021077,24.69,55.44,,
HumidiProbe_1,2024-12-01T13:41:07.021082,,31.44,,
TempSensor_9,2024-12-01T13:41:07.021087,20.92,43.67,,
EyeCon2_2,2024-12-01T13:41:07.021092,,,,605.35
CleanMonitor_2,2024-12-01T13:41:07.021097,,,Moderate,
TempSensor_1,2024-12-01T13:41:07.021101,28.87,59.54,,
CleanMonitor_5,2024-12-01T13:41:07.021107,,,Poor,
EyeCon2_1,2024-12-01T13:41:07.021111,,,,4298.2
EyeCon2_1,2024-12-01T13:41:07.021115,,,,220.84
TempSensor_6,2024-12-01T13:41:07.021120,29.12,42.89,,
CleanMonitor_3,2024-12-01T13:41:07.021125,,,Poor,
EyeCon2_2,2024-12-01T13:41:07.021129,,,,4919.96
CleanMonitor_4,2024-12-01T13:41:07.021134,,,Good,
HumidiProbe_8,2024-12-01T13:41:07.021138,,67.56,,
CleanMonitor_5,2024-12-01T13:41:07.021143,,,Moderate,
TempSensor_7,2024-12-01T13:41:07.021147,28.53,46.39,,
EyeCon2_2,2024-12-01T13:41:07.021152,,,,5405.51
HumidiProbe_10,2024-12-01T13:41:07.021156,,46.23,,
EyeCon2_2,2024-12-01T13:41:07.021161,,,,56.79
TempSensor_9,2024-12-01T13:41:07.021166,22.2,47.84,,
TempSensor_4,2024-12-01T13:41:07.021171,24.23,38.02,,
TempSensor_5,2024-12-01T13:41:07.021177,25.99,43.24,,
EyeCon2_3,2024-12-01T13:41:07.021182,,,,468.86
CleanMonitor_1,2024-12-01T13:41:07.021187,,,Good,
HumidiProbe_4,2024-12-01T13:41:07.021191,,69.11,,
EyeCon2_2,2024-12-01T13:41:07.021195,,,,2975.49
TempSensor_3,2024-12-01T13:41:07.021200,23.68,59.72,,
TempSensor_5,2024-12-01T13:41:07.021205,22.57,35.31,,
CleanMonitor_4,2024-12-01T13:41:07.021211,,,Good,
CleanMonitor_5,2024-12-01T13:41:07.021215,,,Moderate,
TempSensor_5,2024-12-01T13:41:07.021219,28.35,42.79,,
EyeCon2_1,2024-12-01T13:41:07.021224,,,,3215.62
HumidiProbe_9,2024-12-01T13:41:07.021229,,35.8,,
EyeCon2_3,2024-12-01T13:41:07.021233,,,,2803.27
CleanMonitor_4,2024-12-01T13:41:07.021238,,,Moderate,
HumidiProbe_8,2024-12-01T13:41:07.021243,,64.99,,
HumidiProbe_6,2024-12-01T13:41:07.021247,,35.83,,
EyeCon2_1,2024-12-01T13:41:07.021252,,,,4300.23
