device_id,timestamp,particle_size,shape
EyeCon2_2,2024-12-01T14:06:28.468948,3900.98,Irregular
EyeCon2_2,2024-12-01T14:06:28.468958,2487.78,Spherical
EyeCon2_1,2024-12-01T14:06:28.468963,451.2,Spherical
EyeCon2_1,2024-12-01T14:06:28.468968,2076.93,Irregular
EyeCon2_3,2024-12-01T14:06:28.468972,3921.02,Spherical
EyeCon2_3,2024-12-01T14:06:28.468977,3191.83,Spherical
EyeCon2_1,2024-12-01T14:06:28.468981,5420.62,Irregular
EyeCon2_1,2024-12-01T14:06:28.468986,2812.95,Irregular
EyeCon2_1,2024-12-01T14:06:28.468991,5018.16,Irregular
EyeCon2_3,2024-12-01T14:06:28.468995,5490.33,Irregular
EyeCon2_3,2024-12-01T14:06:28.469000,2820.24,Irregular
EyeCon2_1,2024-12-01T14:06:28.469005,1743.12,Irregular
EyeCon2_3,2024-12-01T14:06:28.469010,1945.96,Spherical
EyeCon2_1,2024-12-01T14:06:28.469014,330.51,Spherical
EyeCon2_3,2024-12-01T14:06:28.469019,3761.02,Irregular
EyeCon2_2,2024-12-01T14:06:28.469023,565.43,Spherical
EyeCon2_2,2024-12-01T14:06:28.469028,3719.71,Spherical
EyeCon2_2,2024-12-01T14:06:28.469033,4586.75,Spherical
EyeCon2_1,2024-12-01T14:06:28.469038,4867.2,Irregular
EyeCon2_1,2024-12-01T14:06:28.469042,2702.05,Spherical
EyeCon2_3,2024-12-01T14:06:28.469047,214.53,Spherical
EyeCon2_3,2024-12-01T14:06:28.469051,2147.03,Irregular
EyeCon2_2,2024-12-01T14:06:28.469055,1027.44,Irregular
EyeCon2_2,2024-12-01T14:06:28.469060,4827.78,Spherical
EyeCon2_1,2024-12-01T14:06:28.469065,4548.21,Irregular
EyeCon2_1,2024-12-01T14:06:28.469070,2497.2,Spherical
EyeCon2_2,2024-12-01T14:06:28.469075,2933.36,Spherical
EyeCon2_1,2024-12-01T14:06:28.469079,1610.01,Spherical
EyeCon2_2,2024-12-01T14:06:28.469084,5000.33,Irregular
EyeCon2_2,2024-12-01T14:06:28.469088,3851.06,Irregular
EyeCon2_2,2024-12-01T14:06:28.469093,412.77,Spherical
EyeCon2_2,2024-12-01T14:06:28.469097,1065.78,Irregular
EyeCon2_2,2024-12-01T14:06:28.469101,575.11,Spherical
EyeCon2_3,2024-12-01T14:06:28.469106,3456.36,Spherical
EyeCon2_3,2024-12-01T14:06:28.469110,5470.72,Spherical
EyeCon2_1,2024-12-01T14:06:28.469115,4373.84,Spherical
EyeCon2_3,2024-12-01T14:06:28.469119,1102.98,Spherical
EyeCon2_1,2024-12-01T14:06:28.469124,3996.55,Irregular
EyeCon2_3,2024-12-01T14:06:28.469128,3462.94,Spherical
EyeCon2_2,2024-12-01T14:06:28.469133,4244.61,Spherical
EyeCon2_3,2024-12-01T14:06:28.469138,4213.85,Spherical
EyeCon2_3,2024-12-01T14:06:28.469142,1259.29,Spherical
EyeCon2_2,2024-12-01T14:06:28.469146,2152.1,Spherical
EyeCon2_3,2024-12-01T14:06:28.469151,2619.01,Spherical
EyeCon2_1,2024-12-01T14:06:28.469155,804.88,Irregular
EyeCon2_1,2024-12-01T14:06:28.469160,2108.15,Spherical
EyeCon2_2,2024-12-01T14:06:28.469164,467.32,Spherical
EyeCon2_1,2024-12-01T14:06:28.469168,4348.8,Irregular
EyeCon2_1,2024-12-01T14:06:28.469173,643.67,Irregular
EyeCon2_3,2024-12-01T14:06:28.469177,3179.74,Irregular
EyeCon2_2,2024-12-01T14:06:28.469182,1786.29,Irregular
EyeCon2_2,2024-12-01T14:06:28.469186,5185.56,Spherical
EyeCon2_1,2024-12-01T14:06:28.469191,1948.17,Spherical
EyeCon2_3,2024-12-01T14:06:28.469195,1307.69,Irregular
EyeCon2_1,2024-12-01T14:06:28.469200,4286.5,Spherical
EyeCon2_2,2024-12-01T14:06:28.469204,3754.49,Spherical
EyeCon2_3,2024-12-01T14:06:28.469209,4223.64,Spherical
EyeCon2_3,2024-12-01T14:06:28.469213,4867.44,Spherical
EyeCon2_3,2024-12-01T14:06:28.469217,4543.81,Spherical
EyeCon2_1,2024-12-01T14:06:28.469222,3613.65,Spherical
EyeCon2_3,2024-12-01T14:06:28.469226,4068.65,Spherical
EyeCon2_3,2024-12-01T14:06:28.469230,2193.85,Irregular
EyeCon2_2,2024-12-01T14:06:28.469235,5203.17,Spherical
EyeCon2_2,2024-12-01T14:06:28.469239,4521.31,Spherical
EyeCon2_3,2024-12-01T14:06:28.469243,2828.73,Spherical
EyeCon2_1,2024-12-01T14:06:28.469248,5458.44,Spherical
EyeCon2_1,2024-12-01T14:06:28.469252,4200.26,Spherical
EyeCon2_1,2024-12-01T14:06:28.469257,3664.19,Spherical
EyeCon2_1,2024-12-01T14:06:28.469261,1132.21,Spherical
EyeCon2_1,2024-12-01T14:06:28.469266,733.62,Spherical
EyeCon2_2,2024-12-01T14:06:28.469270,274.09,Spherical
EyeCon2_1,2024-12-01T14:06:28.469275,2094.41,Spherical
EyeCon2_3,2024-12-01T14:06:28.469279,4845.05,Spherical
EyeCon2_1,2024-12-01T14:06:28.469284,1124.15,Irregular
EyeCon2_3,2024-12-01T14:06:28.469288,2688.58,Irregular
EyeCon2_1,2024-12-01T14:06:28.469293,2280.64,Spherical
EyeCon2_3,2024-12-01T14:06:28.469298,2276.15,Spherical
EyeCon2_2,2024-12-01T14:06:28.469303,2088.77,Irregular
EyeCon2_1,2024-12-01T14:06:28.469318,4637.5,Irregular
EyeCon2_3,2024-12-01T14:06:28.469322,5376.78,Irregular
EyeCon2_3,2024-12-01T14:06:28.469327,2065.84,Irregular
EyeCon2_3,2024-12-01T14:06:28.469331,1687.51,Spherical
EyeCon2_2,2024-12-01T14:06:28.469335,4361.58,Spherical
EyeCon2_1,2024-12-01T14:06:28.469340,3205.65,Spherical
EyeCon2_3,2024-12-01T14:06:28.469345,3000.99,Spherical
EyeCon2_3,2024-12-01T14:06:28.469349,2532.08,Spherical
EyeCon2_1,2024-12-01T14:06:28.469354,3099.91,Spherical
EyeCon2_1,2024-12-01T14:06:28.469358,2178.8,Irregular
EyeCon2_2,2024-12-01T14:06:28.469364,3826.12,Spherical
EyeCon2_3,2024-12-01T14:06:28.469369,532.19,Spherical
EyeCon2_3,2024-12-01T14:06:28.469374,2487.82,Irregular
EyeCon2_3,2024-12-01T14:06:28.469379,494.5,Spherical
EyeCon2_2,2024-12-01T14:06:28.469383,2668.59,Irregular
EyeCon2_2,2024-12-01T14:06:28.469388,2064.57,Irregular
EyeCon2_1,2024-12-01T14:06:28.469393,2073.28,Irregular
EyeCon2_1,2024-12-01T14:06:28.469397,4189.55,Spherical
EyeCon2_1,2024-12-01T14:06:28.469402,4556.11,Spherical
EyeCon2_1,2024-12-01T14:06:28.469407,4125.12,Irregular
EyeCon2_1,2024-12-01T14:06:28.469411,2711.31,Spherical
EyeCon2_3,2024-12-01T14:06:28.469416,719.85,Irregular
EyeCon2_3,2024-12-01T14:06:28.469420,1296.29,Spherical
EyeCon2_1,2024-12-01T14:06:28.469424,149.2,Spherical
EyeCon2_2,2024-12-01T14:06:28.469429,3827.09,Spherical
EyeCon2_3,2024-12-01T14:06:28.469433,3944.64,Irregular
EyeCon2_3,2024-12-01T14:06:28.469438,4160.76,Spherical
EyeCon2_1,2024-12-01T14:06:28.469442,3700.88,Spherical
EyeCon2_3,2024-12-01T14:06:28.469447,5198.81,Spherical
EyeCon2_2,2024-12-01T14:06:28.469451,5216.83,Spherical
EyeCon2_3,2024-12-01T14:06:28.469456,4724.59,Spherical
EyeCon2_2,2024-12-01T14:06:28.469461,4684.22,Spherical
EyeCon2_1,2024-12-01T14:06:28.469466,3066.0,Spherical
EyeCon2_2,2024-12-01T14:06:28.469470,4643.57,Spherical
EyeCon2_1,2024-12-01T14:06:28.469475,2397.75,Spherical
EyeCon2_2,2024-12-01T14:06:28.469480,2161.98,Spherical
EyeCon2_2,2024-12-01T14:06:28.469484,2268.61,Spherical
EyeCon2_2,2024-12-01T14:06:28.469488,1492.62,Irregular
EyeCon2_3,2024-12-01T14:06:28.469493,1154.91,Spherical
EyeCon2_3,2024-12-01T14:06:28.469497,984.42,Spherical
EyeCon2_3,2024-12-01T14:06:28.469502,3653.59,Irregular
EyeCon2_3,2024-12-01T14:06:28.469507,1885.75,Spherical
EyeCon2_2,2024-12-01T14:06:28.469511,2414.17,Spherical
EyeCon2_1,2024-12-01T14:06:28.469516,3809.59,Irregular
EyeCon2_2,2024-12-01T14:06:28.469520,1538.5,Spherical
EyeCon2_2,2024-12-01T14:06:28.469525,3141.65,Irregular
EyeCon2_3,2024-12-01T14:06:28.469529,4438.23,Irregular
EyeCon2_3,2024-12-01T14:06:28.469534,119.46,Spherical
EyeCon2_3,2024-12-01T14:06:28.469538,1622.91,Irregular
EyeCon2_2,2024-12-01T14:06:28.469543,2143.96,Irregular
EyeCon2_1,2024-12-01T14:06:28.469548,120.33,Spherical
EyeCon2_1,2024-12-01T14:06:28.469553,1203.47,Irregular
EyeCon2_1,2024-12-01T14:06:28.469557,1257.52,Irregular
EyeCon2_3,2024-12-01T14:06:28.469561,2931.4,Spherical
EyeCon2_3,2024-12-01T14:06:28.469566,375.16,Irregular
EyeCon2_2,2024-12-01T14:06:28.469571,1097.96,Irregular
EyeCon2_3,2024-12-01T14:06:28.469575,4023.69,Irregular
EyeCon2_3,2024-12-01T14:06:28.469579,3974.84,Irregular
EyeCon2_1,2024-12-01T14:06:28.469584,402.17,Spherical
EyeCon2_2,2024-12-01T14:06:28.469588,1068.2,Irregular
EyeCon2_1,2024-12-01T14:06:28.469593,1626.64,Spherical
EyeCon2_2,2024-12-01T14:06:28.469597,3016.58,Spherical
EyeCon2_3,2024-12-01T14:06:28.469602,3498.31,Spherical
EyeCon2_1,2024-12-01T14:06:28.469607,808.02,Irregular
EyeCon2_1,2024-12-01T14:06:28.469618,55.72,Spherical
EyeCon2_2,2024-12-01T14:06:28.469622,3966.69,Irregular
EyeCon2_3,2024-12-01T14:06:28.469627,4383.62,Spherical
EyeCon2_3,2024-12-01T14:06:28.469632,1720.96,Irregular
EyeCon2_3,2024-12-01T14:06:28.469636,3462.06,Irregular
EyeCon2_2,2024-12-01T14:06:28.469641,4902.56,Spherical
EyeCon2_1,2024-12-01T14:06:28.469645,752.18,Spherical
EyeCon2_1,2024-12-01T14:06:28.469650,3963.76,Spherical
EyeCon2_3,2024-12-01T14:06:28.469655,1158.37,Irregular
EyeCon2_2,2024-12-01T14:06:28.469659,3734.59,Spherical
EyeCon2_3,2024-12-01T14:06:28.469663,2248.39,Spherical
EyeCon2_1,2024-12-01T14:06:28.469668,5104.64,Spherical
EyeCon2_1,2024-12-01T14:06:28.469672,5490.86,Spherical
EyeCon2_1,2024-12-01T14:06:28.469677,2549.63,Spherical
EyeCon2_3,2024-12-01T14:06:28.469681,617.41,Irregular
EyeCon2_2,2024-12-01T14:06:28.469686,1233.95,Irregular
EyeCon2_1,2024-12-01T14:06:28.469690,5123.94,Irregular
EyeCon2_2,2024-12-01T14:06:28.469694,2280.39,Irregular
EyeCon2_1,2024-12-01T14:06:28.469699,4316.36,Irregular
EyeCon2_1,2024-12-01T14:06:28.469704,5443.05,Spherical
EyeCon2_2,2024-12-01T14:06:28.469708,3646.33,Spherical
EyeCon2_3,2024-12-01T14:06:28.469713,5471.03,Spherical
EyeCon2_1,2024-12-01T14:06:28.469717,1437.09,Spherical
EyeCon2_3,2024-12-01T14:06:28.469722,1932.44,Irregular
EyeCon2_1,2024-12-01T14:06:28.469726,2531.18,Spherical
EyeCon2_2,2024-12-01T14:06:28.469731,3099.58,Irregular
EyeCon2_2,2024-12-01T14:06:28.469735,4262.96,Spherical
EyeCon2_2,2024-12-01T14:06:28.469740,5448.32,Irregular
EyeCon2_1,2024-12-01T14:06:28.469744,1039.46,Spherical
EyeCon2_3,2024-12-01T14:06:28.469749,3132.99,Irregular
EyeCon2_3,2024-12-01T14:06:28.469753,2417.63,Irregular
EyeCon2_2,2024-12-01T14:06:28.469758,3304.77,Irregular
EyeCon2_3,2024-12-01T14:06:28.469763,1240.73,Irregular
EyeCon2_1,2024-12-01T14:06:28.469768,5441.04,Irregular
EyeCon2_2,2024-12-01T14:06:28.469772,5293.23,Irregular
EyeCon2_2,2024-12-01T14:06:28.469777,3147.87,Spherical
EyeCon2_3,2024-12-01T14:06:28.469781,2628.64,Irregular
EyeCon2_3,2024-12-01T14:06:28.469786,3125.43,Irregular
EyeCon2_2,2024-12-01T14:06:28.469790,2988.29,Irregular
EyeCon2_3,2024-12-01T14:06:28.469795,278.45,Irregular
EyeCon2_3,2024-12-01T14:06:28.469799,5302.11,Irregular
EyeCon2_1,2024-12-01T14:06:28.469804,1315.0,Spherical
EyeCon2_3,2024-12-01T14:06:28.469808,4156.74,Spherical
EyeCon2_3,2024-12-01T14:06:28.469813,703.73,Irregular
EyeCon2_3,2024-12-01T14:06:28.469817,5351.22,Spherical
EyeCon2_3,2024-12-01T14:06:28.469822,5106.74,Irregular
EyeCon2_3,2024-12-01T14:06:28.469826,3365.49,Spherical
EyeCon2_1,2024-12-01T14:06:28.469831,4633.65,Spherical
EyeCon2_2,2024-12-01T14:06:28.469835,4260.5,Irregular
EyeCon2_1,2024-12-01T14:06:28.469840,2344.34,Irregular
EyeCon2_1,2024-12-01T14:06:28.469845,1271.97,Spherical
EyeCon2_3,2024-12-01T14:06:28.469849,3492.22,Spherical
EyeCon2_1,2024-12-01T14:06:28.469853,639.86,Irregular
EyeCon2_3,2024-12-01T14:06:28.469858,4530.45,Irregular
EyeCon2_3,2024-12-01T14:06:28.469862,3169.96,Spherical
EyeCon2_1,2024-12-01T14:06:28.469867,279.35,Irregular
EyeCon2_1,2024-12-01T14:06:28.469871,2090.15,Spherical
EyeCon2_3,2024-12-01T14:06:28.469876,3867.4,Spherical
EyeCon2_1,2024-12-01T14:06:28.469880,3285.16,Spherical
EyeCon2_1,2024-12-01T14:06:28.469885,2842.7,Spherical
EyeCon2_3,2024-12-01T14:06:28.469890,2855.51,Irregular
EyeCon2_3,2024-12-01T14:06:28.469894,1439.84,Irregular
EyeCon2_1,2024-12-01T14:06:28.469900,3385.26,Irregular
EyeCon2_3,2024-12-01T14:06:28.469904,4131.05,Spherical
EyeCon2_1,2024-12-01T14:06:28.469910,4809.48,Irregular
EyeCon2_3,2024-12-01T14:06:28.469914,4416.04,Spherical
EyeCon2_3,2024-12-01T14:06:28.469919,4828.74,Irregular
EyeCon2_1,2024-12-01T14:06:28.469923,3681.63,Spherical
EyeCon2_2,2024-12-01T14:06:28.469928,439.08,Spherical
EyeCon2_1,2024-12-01T14:06:28.469933,5159.32,Spherical
EyeCon2_3,2024-12-01T14:06:28.469937,3534.51,Irregular
EyeCon2_3,2024-12-01T14:06:28.469942,1540.44,Irregular
EyeCon2_2,2024-12-01T14:06:28.469946,864.75,Spherical
EyeCon2_1,2024-12-01T14:06:28.469951,1620.78,Spherical
EyeCon2_1,2024-12-01T14:06:28.469955,839.94,Spherical
EyeCon2_1,2024-12-01T14:06:28.469960,4052.53,Irregular
EyeCon2_2,2024-12-01T14:06:28.469964,2090.65,Spherical
EyeCon2_3,2024-12-01T14:06:28.469969,4948.71,Irregular
EyeCon2_2,2024-12-01T14:06:28.469973,2675.94,Irregular
EyeCon2_1,2024-12-01T14:06:28.469977,2652.8,Irregular
EyeCon2_2,2024-12-01T14:06:28.469982,2823.75,Irregular
EyeCon2_3,2024-12-01T14:06:28.469986,486.55,Spherical
EyeCon2_1,2024-12-01T14:06:28.469991,5413.3,Irregular
EyeCon2_3,2024-12-01T14:06:28.469995,3148.52,Irregular
EyeCon2_2,2024-12-01T14:06:28.470000,5169.93,Spherical
EyeCon2_1,2024-12-01T14:06:28.470004,4372.64,Irregular
EyeCon2_2,2024-12-01T14:06:28.470009,5475.31,Irregular
EyeCon2_1,2024-12-01T14:06:28.470013,678.48,Irregular
EyeCon2_2,2024-12-01T14:06:28.470018,2398.93,Spherical
EyeCon2_1,2024-12-01T14:06:28.470022,5195.45,Irregular
EyeCon2_3,2024-12-01T14:06:28.470026,2263.36,Spherical
EyeCon2_3,2024-12-01T14:06:28.470031,4534.73,Spherical
EyeCon2_1,2024-12-01T14:06:28.470037,2001.09,Spherical
EyeCon2_1,2024-12-01T14:06:28.470042,4793.62,Spherical
EyeCon2_2,2024-12-01T14:06:28.470046,3628.45,Irregular
EyeCon2_3,2024-12-01T14:06:28.470051,244.66,Spherical
EyeCon2_3,2024-12-01T14:06:28.470055,3783.88,Spherical
EyeCon2_2,2024-12-01T14:06:28.470059,1622.65,Spherical
EyeCon2_1,2024-12-01T14:06:28.470064,2915.21,Spherical
EyeCon2_3,2024-12-01T14:06:28.470069,2571.6,Spherical
EyeCon2_3,2024-12-01T14:06:28.470073,499.65,Spherical
EyeCon2_2,2024-12-01T14:06:28.470077,1679.38,Spherical
EyeCon2_1,2024-12-01T14:06:28.470082,2547.67,Irregular
EyeCon2_1,2024-12-01T14:06:28.470086,1224.34,Irregular
EyeCon2_1,2024-12-01T14:06:28.470091,5125.39,Spherical
EyeCon2_2,2024-12-01T14:06:28.470095,3208.46,Spherical
EyeCon2_2,2024-12-01T14:06:28.470100,2100.81,Spherical
EyeCon2_2,2024-12-01T14:06:28.470104,3975.54,Spherical
EyeCon2_1,2024-12-01T14:06:28.470108,3715.5,Irregular
EyeCon2_3,2024-12-01T14:06:28.470113,536.18,Spherical
EyeCon2_1,2024-12-01T14:06:28.470117,4092.25,Irregular
EyeCon2_2,2024-12-01T14:06:28.470122,644.46,Irregular
EyeCon2_3,2024-12-01T14:06:28.470126,3669.92,Spherical
EyeCon2_1,2024-12-01T14:06:28.470131,358.12,Irregular
EyeCon2_2,2024-12-01T14:06:28.470135,3462.54,Spherical
EyeCon2_3,2024-12-01T14:06:28.470140,2220.43,Irregular
EyeCon2_2,2024-12-01T14:06:28.470144,3696.89,Irregular
EyeCon2_2,2024-12-01T14:06:28.470149,947.28,Spherical
EyeCon2_1,2024-12-01T14:06:28.470153,166.76,Spherical
EyeCon2_3,2024-12-01T14:06:28.470158,687.05,Irregular
EyeCon2_2,2024-12-01T14:06:28.470162,2454.25,Irregular
EyeCon2_2,2024-12-01T14:06:28.470167,374.83,Spherical
EyeCon2_3,2024-12-01T14:06:28.470171,1683.76,Irregular
EyeCon2_3,2024-12-01T14:06:28.470176,4322.24,Spherical
EyeCon2_3,2024-12-01T14:06:28.470180,3805.8,Irregular
EyeCon2_3,2024-12-01T14:06:28.470185,2101.49,Spherical
EyeCon2_2,2024-12-01T14:06:28.470189,5063.58,Spherical
EyeCon2_3,2024-12-01T14:06:28.470194,2150.34,Irregular
EyeCon2_2,2024-12-01T14:06:28.470198,5327.36,Spherical
EyeCon2_3,2024-12-01T14:06:28.470203,4168.91,Spherical
EyeCon2_3,2024-12-01T14:06:28.470207,3293.25,Irregular
EyeCon2_1,2024-12-01T14:06:28.470212,2606.14,Irregular
EyeCon2_3,2024-12-01T14:06:28.470217,4110.36,Spherical
EyeCon2_3,2024-12-01T14:06:28.470221,3467.71,Irregular
EyeCon2_2,2024-12-01T14:06:28.470225,4751.19,Spherical
EyeCon2_3,2024-12-01T14:06:28.470230,207.06,Spherical
EyeCon2_3,2024-12-01T14:06:28.470234,3574.65,Spherical
EyeCon2_3,2024-12-01T14:06:28.470239,2738.8,Spherical
EyeCon2_3,2024-12-01T14:06:28.470243,4191.33,Irregular
EyeCon2_1,2024-12-01T14:06:28.470248,4624.05,Spherical
EyeCon2_2,2024-12-01T14:06:28.470252,2472.83,Irregular
EyeCon2_1,2024-12-01T14:06:28.470257,2155.59,Spherical
EyeCon2_3,2024-12-01T14:06:28.470261,3417.2,Irregular
EyeCon2_1,2024-12-01T14:06:28.470266,511.53,Spherical
EyeCon2_1,2024-12-01T14:06:28.470270,525.28,Irregular
EyeCon2_1,2024-12-01T14:06:28.470275,2355.44,Spherical
EyeCon2_3,2024-12-01T14:06:28.470280,1995.92,Irregular
EyeCon2_1,2024-12-01T14:06:28.470284,1388.76,Spherical
EyeCon2_2,2024-12-01T14:06:28.470289,5334.13,Spherical
EyeCon2_2,2024-12-01T14:06:28.470294,1549.75,Spherical
EyeCon2_2,2024-12-01T14:06:28.470298,2596.36,Spherical
EyeCon2_1,2024-12-01T14:06:28.470303,609.05,Spherical
EyeCon2_2,2024-12-01T14:06:28.470316,2569.49,Spherical
EyeCon2_2,2024-12-01T14:06:28.470321,3429.96,Spherical
EyeCon2_1,2024-12-01T14:06:28.470326,111.84,Spherical
EyeCon2_1,2024-12-01T14:06:28.470330,5434.55,Spherical
EyeCon2_2,2024-12-01T14:06:28.470335,468.22,Irregular
EyeCon2_3,2024-12-01T14:06:28.470339,981.42,Spherical
EyeCon2_3,2024-12-01T14:06:28.470343,3383.53,Irregular
EyeCon2_3,2024-12-01T14:06:28.470348,829.79,Irregular
EyeCon2_2,2024-12-01T14:06:28.470352,4144.5,Irregular
EyeCon2_1,2024-12-01T14:06:28.470357,3595.87,Irregular
EyeCon2_3,2024-12-01T14:06:28.470361,2709.54,Spherical
EyeCon2_3,2024-12-01T14:06:28.470366,4325.15,Spherical
EyeCon2_3,2024-12-01T14:06:28.470370,4288.85,Irregular
EyeCon2_3,2024-12-01T14:06:28.470375,2283.56,Irregular
EyeCon2_2,2024-12-01T14:06:28.470380,2912.0,Irregular
EyeCon2_3,2024-12-01T14:06:28.470384,4652.7,Irregular
EyeCon2_3,2024-12-01T14:06:28.470389,130.9,Spherical
EyeCon2_2,2024-12-01T14:06:28.470393,3319.51,Spherical
EyeCon2_3,2024-12-01T14:06:28.470398,5357.58,Irregular
EyeCon2_3,2024-12-01T14:06:28.470403,1699.27,Spherical
EyeCon2_3,2024-12-01T14:06:28.470407,429.21,Irregular
EyeCon2_3,2024-12-01T14:06:28.470412,3630.92,Spherical
EyeCon2_2,2024-12-01T14:06:28.470416,3762.55,Irregular
EyeCon2_1,2024-12-01T14:06:28.470421,1282.17,Spherical
EyeCon2_1,2024-12-01T14:06:28.470425,2268.22,Spherical
EyeCon2_3,2024-12-01T14:06:28.470430,733.16,Irregular
EyeCon2_3,2024-12-01T14:06:28.470434,1844.35,Irregular
EyeCon2_1,2024-12-01T14:06:28.470439,4652.01,Irregular
EyeCon2_1,2024-12-01T14:06:28.470443,4722.88,Irregular
EyeCon2_1,2024-12-01T14:06:28.470449,3241.93,Irregular
EyeCon2_3,2024-12-01T14:06:28.470453,3126.95,Spherical
EyeCon2_2,2024-12-01T14:06:28.470458,908.94,Irregular
EyeCon2_1,2024-12-01T14:06:28.470463,5244.25,Spherical
EyeCon2_2,2024-12-01T14:06:28.470467,5201.61,Irregular
EyeCon2_3,2024-12-01T14:06:28.470472,2985.19,Spherical
EyeCon2_1,2024-12-01T14:06:28.470476,5068.95,Irregular
EyeCon2_2,2024-12-01T14:06:28.470481,3646.16,Spherical
EyeCon2_1,2024-12-01T14:06:28.470487,2006.99,Spherical
EyeCon2_2,2024-12-01T14:06:28.470491,4480.39,Irregular
EyeCon2_3,2024-12-01T14:06:28.470496,4204.3,Irregular
EyeCon2_3,2024-12-01T14:06:28.470500,3195.3,Irregular
EyeCon2_2,2024-12-01T14:06:28.470505,2719.56,Irregular
EyeCon2_2,2024-12-01T14:06:28.470509,466.09,Spherical
EyeCon2_2,2024-12-01T14:06:28.470513,3596.42,Spherical
EyeCon2_3,2024-12-01T14:06:28.470518,5386.51,Spherical
EyeCon2_2,2024-12-01T14:06:28.470522,5404.28,Irregular
EyeCon2_3,2024-12-01T14:06:28.470527,1390.15,Spherical
EyeCon2_1,2024-12-01T14:06:28.470531,1464.26,Irregular
EyeCon2_3,2024-12-01T14:06:28.470536,4349.97,Irregular
EyeCon2_1,2024-12-01T14:06:28.470540,4467.52,Irregular
EyeCon2_2,2024-12-01T14:06:28.470545,4003.19,Spherical
EyeCon2_1,2024-12-01T14:06:28.470550,1953.76,Spherical
EyeCon2_3,2024-12-01T14:06:28.470554,2362.88,Irregular
EyeCon2_3,2024-12-01T14:06:28.470559,1125.65,Irregular
EyeCon2_3,2024-12-01T14:06:28.470563,212.45,Irregular
EyeCon2_1,2024-12-01T14:06:28.470568,3687.54,Spherical
EyeCon2_3,2024-12-01T14:06:28.470572,2187.78,Spherical
EyeCon2_2,2024-12-01T14:06:28.470577,3790.59,Spherical
EyeCon2_2,2024-12-01T14:06:28.470581,5113.22,Irregular
EyeCon2_1,2024-12-01T14:06:28.470586,839.85,Irregular
EyeCon2_2,2024-12-01T14:06:28.470590,1817.11,Spherical
EyeCon2_2,2024-12-01T14:06:28.470595,2325.29,Spherical
EyeCon2_2,2024-12-01T14:06:28.470600,5459.68,Irregular
EyeCon2_2,2024-12-01T14:06:28.470604,1991.18,Irregular
EyeCon2_3,2024-12-01T14:06:28.470608,394.85,Spherical
EyeCon2_2,2024-12-01T14:06:28.470617,2645.21,Irregular
EyeCon2_3,2024-12-01T14:06:28.470621,1171.29,Spherical
EyeCon2_2,2024-12-01T14:06:28.470625,1232.27,Spherical
EyeCon2_3,2024-12-01T14:06:28.470630,3430.13,Spherical
EyeCon2_2,2024-12-01T14:06:28.470635,5093.41,Irregular
EyeCon2_1,2024-12-01T14:06:28.470639,1730.64,Irregular
EyeCon2_1,2024-12-01T14:06:28.470644,1597.18,Spherical
EyeCon2_2,2024-12-01T14:06:28.470648,606.52,Spherical
EyeCon2_3,2024-12-01T14:06:28.470652,2523.51,Irregular
EyeCon2_1,2024-12-01T14:06:28.470657,3353.13,Spherical
EyeCon2_1,2024-12-01T14:06:28.470661,3969.69,Spherical
EyeCon2_2,2024-12-01T14:06:28.470666,5103.53,Spherical
EyeCon2_3,2024-12-01T14:06:28.470670,5172.64,Irregular
EyeCon2_3,2024-12-01T14:06:28.470675,1541.03,Spherical
EyeCon2_3,2024-12-01T14:06:28.470679,1673.85,Irregular
EyeCon2_1,2024-12-01T14:06:28.470684,124.52,Spherical
EyeCon2_1,2024-12-01T14:06:28.470688,3198.17,Spherical
EyeCon2_2,2024-12-01T14:06:28.470693,1530.36,Irregular
EyeCon2_3,2024-12-01T14:06:28.470697,4027.25,Irregular
EyeCon2_3,2024-12-01T14:06:28.470702,504.75,Irregular
EyeCon2_1,2024-12-01T14:06:28.470706,4527.32,Spherical
EyeCon2_2,2024-12-01T14:06:28.470711,2122.46,Irregular
EyeCon2_1,2024-12-01T14:06:28.470716,3605.39,Irregular
EyeCon2_2,2024-12-01T14:06:28.470720,1582.79,Spherical
EyeCon2_1,2024-12-01T14:06:28.470724,1258.74,Spherical
EyeCon2_3,2024-12-01T14:06:28.470729,4085.55,Spherical
EyeCon2_1,2024-12-01T14:06:28.470733,4005.61,Irregular
EyeCon2_2,2024-12-01T14:06:28.470737,4507.56,Spherical
EyeCon2_1,2024-12-01T14:06:28.470742,4557.2,Irregular
EyeCon2_2,2024-12-01T14:06:28.470746,902.6,Irregular
EyeCon2_3,2024-12-01T14:06:28.470751,725.95,Irregular
EyeCon2_3,2024-12-01T14:06:28.470755,1069.14,Irregular
EyeCon2_2,2024-12-01T14:06:28.470759,1488.26,Irregular
EyeCon2_3,2024-12-01T14:06:28.470764,5441.37,Irregular
EyeCon2_3,2024-12-01T14:06:28.470768,4868.49,Spherical
EyeCon2_2,2024-12-01T14:06:28.470773,2707.75,Irregular
EyeCon2_3,2024-12-01T14:06:28.470777,252.81,Spherical
EyeCon2_1,2024-12-01T14:06:28.470782,2593.87,Spherical
EyeCon2_1,2024-12-01T14:06:28.470786,2474.6,Spherical
EyeCon2_1,2024-12-01T14:06:28.470791,2118.46,Irregular
EyeCon2_2,2024-12-01T14:06:28.470796,3621.14,Irregular
EyeCon2_3,2024-12-01T14:06:28.470800,287.33,Spherical
EyeCon2_1,2024-12-01T14:06:28.470805,3984.12,Spherical
EyeCon2_3,2024-12-01T14:06:28.470810,5287.78,Irregular
EyeCon2_1,2024-12-01T14:06:28.470814,3735.17,Irregular
EyeCon2_1,2024-12-01T14:06:28.470819,2088.56,Irregular
EyeCon2_3,2024-12-01T14:06:28.470823,521.19,Irregular
EyeCon2_2,2024-12-01T14:06:28.470828,592.36,Irregular
EyeCon2_3,2024-12-01T14:06:28.470832,2033.25,Spherical
EyeCon2_2,2024-12-01T14:06:28.470837,5001.34,Irregular
EyeCon2_2,2024-12-01T14:06:28.470841,5218.21,Irregular
EyeCon2_3,2024-12-01T14:06:28.470845,97.57,Spherical
EyeCon2_2,2024-12-01T14:06:28.470850,1420.19,Irregular
EyeCon2_1,2024-12-01T14:06:28.470854,3212.68,Irregular
EyeCon2_3,2024-12-01T14:06:28.470859,3039.35,Irregular
EyeCon2_1,2024-12-01T14:06:28.470863,3643.85,Spherical
EyeCon2_1,2024-12-01T14:06:28.470868,5123.04,Irregular
EyeCon2_2,2024-12-01T14:06:28.470872,3909.02,Spherical
EyeCon2_2,2024-12-01T14:06:28.470876,1319.98,Irregular
EyeCon2_2,2024-12-01T14:06:28.470882,2460.1,Irregular
EyeCon2_3,2024-12-01T14:06:28.470886,3517.93,Irregular
EyeCon2_1,2024-12-01T14:06:28.470891,5326.19,Spherical
EyeCon2_1,2024-12-01T14:06:28.470896,5169.94,Spherical
EyeCon2_1,2024-12-01T14:06:28.470900,3195.04,Irregular
EyeCon2_3,2024-12-01T14:06:28.470905,2746.37,Spherical
EyeCon2_3,2024-12-01T14:06:28.470909,1255.18,Irregular
EyeCon2_3,2024-12-01T14:06:28.470914,149.9,Irregular
EyeCon2_3,2024-12-01T14:06:28.470918,3501.55,Irregular
EyeCon2_1,2024-12-01T14:06:28.470923,911.22,Spherical
EyeCon2_2,2024-12-01T14:06:28.470928,3839.13,Irregular
EyeCon2_1,2024-12-01T14:06:28.470932,1755.96,Spherical
EyeCon2_1,2024-12-01T14:06:28.470937,4373.69,Irregular
EyeCon2_3,2024-12-01T14:06:28.470941,2752.47,Irregular
EyeCon2_2,2024-12-01T14:06:28.470946,2541.67,Spherical
EyeCon2_1,2024-12-01T14:06:28.470950,1138.85,Spherical
EyeCon2_1,2024-12-01T14:06:28.470955,1712.65,Spherical
EyeCon2_1,2024-12-01T14:06:28.470959,4458.46,Spherical
EyeCon2_3,2024-12-01T14:06:28.470964,2215.81,Irregular
EyeCon2_2,2024-12-01T14:06:28.470968,1081.4,Irregular
EyeCon2_1,2024-12-01T14:06:28.470973,1854.69,Irregular
EyeCon2_3,2024-12-01T14:06:28.470977,2848.01,Irregular
EyeCon2_2,2024-12-01T14:06:28.470982,2307.59,Spherical
EyeCon2_1,2024-12-01T14:06:28.470987,2120.7,Irregular
EyeCon2_2,2024-12-01T14:06:28.470992,5357.38,Irregular
EyeCon2_2,2024-12-01T14:06:28.470996,3673.86,Spherical
EyeCon2_1,2024-12-01T14:06:28.471001,1503.09,Irregular
EyeCon2_2,2024-12-01T14:06:28.471005,818.57,Spherical
EyeCon2_3,2024-12-01T14:06:28.471010,4057.84,Irregular
EyeCon2_1,2024-12-01T14:06:28.471014,4192.16,Irregular
EyeCon2_2,2024-12-01T14:06:28.471019,531.03,Irregular
EyeCon2_1,2024-12-01T14:06:28.471023,566.49,Spherical
EyeCon2_3,2024-12-01T14:06:28.471028,4275.5,Spherical
EyeCon2_3,2024-12-01T14:06:28.471033,2435.54,Irregular
EyeCon2_1,2024-12-01T14:06:28.471037,3013.17,Spherical
EyeCon2_3,2024-12-01T14:06:28.471043,2968.3,Spherical
EyeCon2_3,2024-12-01T14:06:28.471047,4154.06,Spherical
EyeCon2_2,2024-12-01T14:06:28.471051,2336.9,Spherical
EyeCon2_2,2024-12-01T14:06:28.471056,1225.97,Irregular
EyeCon2_1,2024-12-01T14:06:28.471061,1726.35,Spherical
EyeCon2_2,2024-12-01T14:06:28.471066,3649.94,Spherical
EyeCon2_1,2024-12-01T14:06:28.471071,5101.99,Irregular
EyeCon2_2,2024-12-01T14:06:28.471076,5457.99,Irregular
EyeCon2_3,2024-12-01T14:06:28.471080,5447.79,Spherical
EyeCon2_3,2024-12-01T14:06:28.471085,834.85,Irregular
EyeCon2_3,2024-12-01T14:06:28.471089,1729.43,Irregular
EyeCon2_1,2024-12-01T14:06:28.471094,940.73,Spherical
EyeCon2_3,2024-12-01T14:06:28.471099,5068.32,Irregular
EyeCon2_2,2024-12-01T14:06:28.471103,1048.02,Spherical
EyeCon2_2,2024-12-01T14:06:28.471108,1188.38,Irregular
EyeCon2_1,2024-12-01T14:06:28.471112,4758.17,Spherical
EyeCon2_2,2024-12-01T14:06:28.471117,3594.44,Spherical
EyeCon2_3,2024-12-01T14:06:28.471121,3156.47,Irregular
EyeCon2_1,2024-12-01T14:06:28.471125,3668.19,Spherical
EyeCon2_3,2024-12-01T14:06:28.471130,3506.46,Spherical
EyeCon2_2,2024-12-01T14:06:28.471135,882.38,Irregular
EyeCon2_1,2024-12-01T14:06:28.471140,882.61,Irregular
EyeCon2_2,2024-12-01T14:06:28.471145,3013.29,Spherical
EyeCon2_2,2024-12-01T14:06:28.471149,5458.52,Irregular
EyeCon2_2,2024-12-01T14:06:28.471153,498.9,Irregular
EyeCon2_3,2024-12-01T14:06:28.471158,4398.03,Spherical
EyeCon2_2,2024-12-01T14:06:28.471163,4918.18,Irregular
EyeCon2_1,2024-12-01T14:06:28.471167,5468.72,Spherical
EyeCon2_2,2024-12-01T14:06:28.471171,3278.6,Spherical
EyeCon2_1,2024-12-01T14:06:28.471176,888.27,Irregular
EyeCon2_1,2024-12-01T14:06:28.471181,2400.07,Irregular
EyeCon2_1,2024-12-01T14:06:28.471185,5253.58,Irregular
EyeCon2_1,2024-12-01T14:06:28.471190,3066.0,Irregular
EyeCon2_1,2024-12-01T14:06:28.471194,173.73,Irregular
EyeCon2_1,2024-12-01T14:06:28.471199,3280.03,Spherical
EyeCon2_1,2024-12-01T14:06:28.471204,5045.55,Spherical
EyeCon2_2,2024-12-01T14:06:28.471208,1925.46,Irregular
EyeCon2_1,2024-12-01T14:06:28.471213,3281.14,Spherical
EyeCon2_2,2024-12-01T14:06:28.471217,2389.02,Spherical
EyeCon2_2,2024-12-01T14:06:28.471222,3460.79,Spherical
EyeCon2_2,2024-12-01T14:06:28.471226,1505.35,Spherical
EyeCon2_1,2024-12-01T14:06:28.471236,4829.37,Irregular
EyeCon2_2,2024-12-01T14:06:28.471241,3563.32,Spherical
EyeCon2_1,2024-12-01T14:06:28.471246,4177.01,Spherical
EyeCon2_1,2024-12-01T14:06:28.471250,897.78,Spherical
EyeCon2_3,2024-12-01T14:06:28.471255,613.63,Spherical
EyeCon2_2,2024-12-01T14:06:28.471259,1789.49,Spherical
EyeCon2_1,2024-12-01T14:06:28.471263,3743.27,Spherical
EyeCon2_3,2024-12-01T14:06:28.471268,421.3,Spherical
EyeCon2_2,2024-12-01T14:06:28.471272,5031.34,Irregular
EyeCon2_2,2024-12-01T14:06:28.471277,2292.11,Spherical
EyeCon2_2,2024-12-01T14:06:28.471281,4067.41,Spherical
EyeCon2_3,2024-12-01T14:06:28.471286,5309.21,Irregular
EyeCon2_3,2024-12-01T14:06:28.471290,784.06,Spherical
EyeCon2_2,2024-12-01T14:06:28.471294,2098.66,Irregular
EyeCon2_3,2024-12-01T14:06:28.471299,114.59,Spherical
EyeCon2_2,2024-12-01T14:06:28.471303,4321.78,Irregular
EyeCon2_2,2024-12-01T14:06:28.471317,3273.41,Spherical
EyeCon2_1,2024-12-01T14:06:28.471322,4424.94,Irregular
EyeCon2_3,2024-12-01T14:06:28.471326,3447.79,Spherical
EyeCon2_2,2024-12-01T14:06:28.471331,2963.79,Spherical
EyeCon2_1,2024-12-01T14:06:28.471335,1945.33,Irregular
EyeCon2_3,2024-12-01T14:06:28.471340,5228.24,Irregular
EyeCon2_2,2024-12-01T14:06:28.471344,1440.18,Spherical
EyeCon2_1,2024-12-01T14:06:28.471349,4795.17,Spherical
EyeCon2_2,2024-12-01T14:06:28.471353,3871.4,Spherical
EyeCon2_2,2024-12-01T14:06:28.471357,103.12,Spherical
EyeCon2_2,2024-12-01T14:06:28.471362,3924.28,Spherical
EyeCon2_1,2024-12-01T14:06:28.471366,1110.6,Spherical
EyeCon2_2,2024-12-01T14:06:28.471371,4325.82,Spherical
EyeCon2_3,2024-12-01T14:06:28.471376,4154.19,Spherical
EyeCon2_1,2024-12-01T14:06:28.471380,2362.68,Irregular
EyeCon2_2,2024-12-01T14:06:28.471385,1204.43,Irregular
EyeCon2_1,2024-12-01T14:06:28.471389,3223.91,Spherical
EyeCon2_3,2024-12-01T14:06:28.471393,1026.53,Spherical
EyeCon2_3,2024-12-01T14:06:28.471398,2934.92,Spherical
EyeCon2_3,2024-12-01T14:06:28.471402,3745.43,Irregular
EyeCon2_3,2024-12-01T14:06:28.471407,2317.74,Irregular
EyeCon2_3,2024-12-01T14:06:28.471411,534.96,Irregular
EyeCon2_1,2024-12-01T14:06:28.471416,886.23,Irregular
EyeCon2_3,2024-12-01T14:06:28.471421,1984.26,Spherical
EyeCon2_2,2024-12-01T14:06:28.471425,3844.14,Spherical
EyeCon2_3,2024-12-01T14:06:28.471430,1899.11,Spherical
EyeCon2_2,2024-12-01T14:06:28.471435,2780.64,Irregular
EyeCon2_2,2024-12-01T14:06:28.471439,4954.26,Spherical
EyeCon2_3,2024-12-01T14:06:28.471444,2029.31,Spherical
EyeCon2_3,2024-12-01T14:06:28.471448,4504.23,Irregular
EyeCon2_1,2024-12-01T14:06:28.471453,3913.76,Irregular
EyeCon2_1,2024-12-01T14:06:28.471457,5341.07,Spherical
EyeCon2_2,2024-12-01T14:06:28.471461,635.56,Spherical
EyeCon2_1,2024-12-01T14:06:28.471466,4120.5,Spherical
EyeCon2_3,2024-12-01T14:06:28.471470,295.92,Spherical
EyeCon2_1,2024-12-01T14:06:28.471475,2668.69,Spherical
EyeCon2_2,2024-12-01T14:06:28.471479,2148.47,Irregular
EyeCon2_2,2024-12-01T14:06:28.471484,5278.37,Spherical
EyeCon2_1,2024-12-01T14:06:28.471488,3460.36,Spherical
EyeCon2_3,2024-12-01T14:06:28.471492,5219.92,Irregular
EyeCon2_3,2024-12-01T14:06:28.471497,961.7,Spherical
EyeCon2_3,2024-12-01T14:06:28.471501,4512.65,Spherical
EyeCon2_1,2024-12-01T14:06:28.471506,614.47,Spherical
EyeCon2_1,2024-12-01T14:06:28.471510,3537.08,Spherical
EyeCon2_1,2024-12-01T14:06:28.471515,182.82,Spherical
EyeCon2_2,2024-12-01T14:06:28.471519,1397.33,Spherical
EyeCon2_2,2024-12-01T14:06:28.471524,5124.68,Irregular
EyeCon2_2,2024-12-01T14:06:28.471529,3240.19,Irregular
EyeCon2_1,2024-12-01T14:06:28.471533,5242.67,Spherical
EyeCon2_3,2024-12-01T14:06:28.471538,1324.38,Spherical
EyeCon2_2,2024-12-01T14:06:28.471543,3151.07,Spherical
EyeCon2_2,2024-12-01T14:06:28.471547,1027.77,Irregular
EyeCon2_1,2024-12-01T14:06:28.471551,976.73,Irregular
EyeCon2_3,2024-12-01T14:06:28.471556,5428.39,Irregular
EyeCon2_1,2024-12-01T14:06:28.471561,339.62,Irregular
EyeCon2_2,2024-12-01T14:06:28.471565,5369.07,Spherical
EyeCon2_3,2024-12-01T14:06:28.471570,404.7,Irregular
EyeCon2_3,2024-12-01T14:06:28.471574,845.95,Irregular
EyeCon2_1,2024-12-01T14:06:28.471578,3033.22,Irregular
EyeCon2_2,2024-12-01T14:06:28.471583,4421.03,Spherical
EyeCon2_3,2024-12-01T14:06:28.471587,242.35,Irregular
EyeCon2_1,2024-12-01T14:06:28.471592,2320.23,Spherical
EyeCon2_2,2024-12-01T14:06:28.471596,52.28,Spherical
EyeCon2_1,2024-12-01T14:06:28.471600,320.7,Irregular
EyeCon2_1,2024-12-01T14:06:28.471605,2589.9,Irregular
EyeCon2_1,2024-12-01T14:06:28.471614,3862.61,Spherical
EyeCon2_2,2024-12-01T14:06:28.471618,2080.37,Spherical
EyeCon2_2,2024-12-01T14:06:28.471623,3069.39,Irregular
EyeCon2_2,2024-12-01T14:06:28.471627,1017.11,Spherical
EyeCon2_2,2024-12-01T14:06:28.471632,3871.12,Spherical
EyeCon2_3,2024-12-01T14:06:28.471637,101.77,Irregular
EyeCon2_1,2024-12-01T14:06:28.471641,1864.02,Irregular
EyeCon2_1,2024-12-01T14:06:28.471646,3130.9,Spherical
EyeCon2_1,2024-12-01T14:06:28.471650,357.58,Irregular
EyeCon2_3,2024-12-01T14:06:28.471655,4202.2,Spherical
EyeCon2_2,2024-12-01T14:06:28.471660,2762.54,Spherical
EyeCon2_2,2024-12-01T14:06:28.471665,3734.59,Irregular
EyeCon2_3,2024-12-01T14:06:28.471669,1160.52,Irregular
EyeCon2_3,2024-12-01T14:06:28.471674,2311.67,Irregular
EyeCon2_1,2024-12-01T14:06:28.471678,2426.91,Irregular
EyeCon2_1,2024-12-01T14:06:28.471682,5497.5,Spherical
EyeCon2_1,2024-12-01T14:06:28.471687,3611.26,Spherical
EyeCon2_1,2024-12-01T14:06:28.471691,3307.59,Spherical
EyeCon2_3,2024-12-01T14:06:28.471696,1792.2,Spherical
EyeCon2_2,2024-12-01T14:06:28.471700,4854.9,Spherical
EyeCon2_1,2024-12-01T14:06:28.471705,847.1,Spherical
EyeCon2_2,2024-12-01T14:06:28.471709,2927.46,Irregular
EyeCon2_1,2024-12-01T14:06:28.471714,4809.88,Spherical
EyeCon2_3,2024-12-01T14:06:28.471718,4333.58,Spherical
EyeCon2_1,2024-12-01T14:06:28.471723,462.29,Spherical
EyeCon2_1,2024-12-01T14:06:28.471728,2927.48,Irregular
EyeCon2_3,2024-12-01T14:06:28.471732,3406.77,Irregular
EyeCon2_3,2024-12-01T14:06:28.471737,3160.72,Irregular
EyeCon2_2,2024-12-01T14:06:28.471742,2241.13,Irregular
EyeCon2_1,2024-12-01T14:06:28.471746,3252.82,Irregular
EyeCon2_3,2024-12-01T14:06:28.471751,1352.87,Spherical
EyeCon2_3,2024-12-01T14:06:28.471755,4007.98,Irregular
EyeCon2_2,2024-12-01T14:06:28.471759,4084.48,Spherical
EyeCon2_1,2024-12-01T14:06:28.471764,5316.3,Irregular
EyeCon2_1,2024-12-01T14:06:28.471768,4411.85,Irregular
EyeCon2_1,2024-12-01T14:06:28.471773,4636.04,Irregular
EyeCon2_1,2024-12-01T14:06:28.471777,845.71,Irregular
EyeCon2_1,2024-12-01T14:06:28.471782,354.33,Irregular
EyeCon2_2,2024-12-01T14:06:28.471786,2177.62,Spherical
EyeCon2_1,2024-12-01T14:06:28.471791,5049.01,Spherical
EyeCon2_2,2024-12-01T14:06:28.471795,3817.78,Irregular
EyeCon2_3,2024-12-01T14:06:28.471799,3327.94,Irregular
EyeCon2_1,2024-12-01T14:06:28.471804,2199.6,Irregular
EyeCon2_2,2024-12-01T14:06:28.471808,1759.23,Spherical
EyeCon2_1,2024-12-01T14:06:28.471813,3590.18,Spherical
EyeCon2_2,2024-12-01T14:06:28.471817,3514.33,Irregular
EyeCon2_2,2024-12-01T14:06:28.471822,4390.78,Irregular
EyeCon2_3,2024-12-01T14:06:28.471826,86.49,Spherical
EyeCon2_1,2024-12-01T14:06:28.471831,4234.38,Spherical
EyeCon2_2,2024-12-01T14:06:28.471835,1989.38,Irregular
EyeCon2_1,2024-12-01T14:06:28.471840,4723.31,Spherical
EyeCon2_3,2024-12-01T14:06:28.471844,1282.51,Irregular
EyeCon2_3,2024-12-01T14:06:28.471849,2118.49,Irregular
EyeCon2_3,2024-12-01T14:06:28.471853,2868.08,Irregular
EyeCon2_3,2024-12-01T14:06:28.471858,2887.01,Irregular
EyeCon2_2,2024-12-01T14:06:28.471862,5317.46,Irregular
EyeCon2_1,2024-12-01T14:06:28.471867,748.06,Spherical
EyeCon2_1,2024-12-01T14:06:28.471871,3248.45,Irregular
EyeCon2_3,2024-12-01T14:06:28.471876,1399.19,Spherical
EyeCon2_3,2024-12-01T14:06:28.471880,3804.48,Spherical
EyeCon2_2,2024-12-01T14:06:28.471884,4301.36,Irregular
EyeCon2_3,2024-12-01T14:06:28.471889,3901.12,Spherical
EyeCon2_1,2024-12-01T14:06:28.471894,2454.6,Irregular
EyeCon2_2,2024-12-01T14:06:28.471898,3493.86,Irregular
EyeCon2_1,2024-12-01T14:06:28.471903,3577.11,Irregular
EyeCon2_2,2024-12-01T14:06:28.471907,571.36,Spherical
EyeCon2_3,2024-12-01T14:06:28.471912,460.46,Spherical
EyeCon2_3,2024-12-01T14:06:28.471916,5164.15,Spherical
EyeCon2_1,2024-12-01T14:06:28.471921,382.95,Spherical
EyeCon2_1,2024-12-01T14:06:28.471925,1504.74,Spherical
EyeCon2_3,2024-12-01T14:06:28.471929,4718.18,Irregular
EyeCon2_3,2024-12-01T14:06:28.471934,1089.31,Spherical
EyeCon2_2,2024-12-01T14:06:28.471938,1226.09,Spherical
EyeCon2_1,2024-12-01T14:06:28.471943,2813.79,Irregular
EyeCon2_2,2024-12-01T14:06:28.471947,4598.94,Irregular
EyeCon2_3,2024-12-01T14:06:28.471952,3624.5,Spherical
EyeCon2_2,2024-12-01T14:06:28.471957,2292.02,Irregular
EyeCon2_2,2024-12-01T14:06:28.471961,2444.14,Spherical
EyeCon2_3,2024-12-01T14:06:28.471965,5384.28,Spherical
EyeCon2_2,2024-12-01T14:06:28.471970,3241.15,Spherical
EyeCon2_2,2024-12-01T14:06:28.471975,2753.8,Spherical
EyeCon2_2,2024-12-01T14:06:28.471980,4101.62,Spherical
EyeCon2_1,2024-12-01T14:06:28.471984,5393.31,Spherical
EyeCon2_1,2024-12-01T14:06:28.471989,3463.03,Spherical
EyeCon2_2,2024-12-01T14:06:28.471993,593.67,Spherical
EyeCon2_3,2024-12-01T14:06:28.471997,4168.61,Spherical
EyeCon2_1,2024-12-01T14:06:28.472002,1623.32,Spherical
EyeCon2_2,2024-12-01T14:06:28.472007,3164.05,Irregular
EyeCon2_3,2024-12-01T14:06:28.472011,5376.14,Spherical
EyeCon2_2,2024-12-01T14:06:28.472016,5060.23,Spherical
EyeCon2_3,2024-12-01T14:06:28.472020,5474.81,Irregular
EyeCon2_3,2024-12-01T14:06:28.472025,1623.78,Spherical
EyeCon2_2,2024-12-01T14:06:28.472029,4168.99,Irregular
EyeCon2_1,2024-12-01T14:06:28.472033,1720.65,Irregular
EyeCon2_1,2024-12-01T14:06:28.472038,3427.52,Irregular
EyeCon2_3,2024-12-01T14:06:28.472043,5364.78,Irregular
EyeCon2_3,2024-12-01T14:06:28.472048,4075.3,Spherical
EyeCon2_1,2024-12-01T14:06:28.472052,4406.51,Spherical
EyeCon2_1,2024-12-01T14:06:28.472057,375.54,Irregular
EyeCon2_1,2024-12-01T14:06:28.472061,4205.54,Spherical
EyeCon2_2,2024-12-01T14:06:28.472065,2037.05,Spherical
EyeCon2_1,2024-12-01T14:06:28.472070,1024.35,Irregular
EyeCon2_1,2024-12-01T14:06:28.472075,5258.7,Irregular
EyeCon2_2,2024-12-01T14:06:28.472079,812.26,Spherical
EyeCon2_3,2024-12-01T14:06:28.472083,233.2,Irregular
EyeCon2_1,2024-12-01T14:06:28.472088,1423.07,Irregular
EyeCon2_1,2024-12-01T14:06:28.472092,1944.82,Spherical
EyeCon2_3,2024-12-01T14:06:28.472097,4566.34,Spherical
EyeCon2_1,2024-12-01T14:06:28.472101,4607.39,Spherical
EyeCon2_2,2024-12-01T14:06:28.472106,71.15,Spherical
EyeCon2_2,2024-12-01T14:06:28.472111,1748.09,Irregular
EyeCon2_2,2024-12-01T14:06:28.472115,1576.16,Spherical
EyeCon2_2,2024-12-01T14:06:28.472120,1335.6,Spherical
EyeCon2_2,2024-12-01T14:06:28.472124,630.35,Spherical
EyeCon2_1,2024-12-01T14:06:28.472129,4305.33,Spherical
EyeCon2_2,2024-12-01T14:06:28.472133,5042.87,Spherical
EyeCon2_3,2024-12-01T14:06:28.472138,4093.71,Spherical
EyeCon2_2,2024-12-01T14:06:28.472142,4414.2,Irregular
EyeCon2_2,2024-12-01T14:06:28.472147,4242.27,Spherical
EyeCon2_3,2024-12-01T14:06:28.472152,4643.37,Irregular
EyeCon2_1,2024-12-01T14:06:28.472156,4124.96,Spherical
EyeCon2_3,2024-12-01T14:06:28.472161,5394.49,Spherical
EyeCon2_3,2024-12-01T14:06:28.472165,2278.92,Irregular
EyeCon2_3,2024-12-01T14:06:28.472169,2171.14,Spherical
EyeCon2_2,2024-12-01T14:06:28.472174,3114.35,Irregular
EyeCon2_3,2024-12-01T14:06:28.472178,5230.13,Spherical
EyeCon2_1,2024-12-01T14:06:28.472183,1011.32,Spherical
EyeCon2_1,2024-12-01T14:06:28.472187,4242.08,Spherical
EyeCon2_1,2024-12-01T14:06:28.472192,3215.25,Irregular
EyeCon2_2,2024-12-01T14:06:28.472196,688.41,Spherical
EyeCon2_3,2024-12-01T14:06:28.472200,1381.33,Spherical
EyeCon2_2,2024-12-01T14:06:28.472205,2817.76,Irregular
EyeCon2_1,2024-12-01T14:06:28.472209,2708.99,Irregular
EyeCon2_3,2024-12-01T14:06:28.472214,387.72,Spherical
EyeCon2_2,2024-12-01T14:06:28.472218,4475.65,Spherical
EyeCon2_3,2024-12-01T14:06:28.472222,4639.82,Irregular
EyeCon2_2,2024-12-01T14:06:28.472227,1350.68,Spherical
EyeCon2_1,2024-12-01T14:06:28.472231,625.87,Irregular
EyeCon2_3,2024-12-01T14:06:28.472236,4751.03,Spherical
EyeCon2_1,2024-12-01T14:06:28.472241,4738.51,Irregular
EyeCon2_1,2024-12-01T14:06:28.472245,2891.06,Spherical
EyeCon2_1,2024-12-01T14:06:28.472250,2146.11,Irregular
EyeCon2_1,2024-12-01T14:06:28.472255,800.44,Spherical
EyeCon2_2,2024-12-01T14:06:28.472259,2785.9,Irregular
EyeCon2_1,2024-12-01T14:06:28.472264,1518.45,Irregular
EyeCon2_3,2024-12-01T14:06:28.472268,4545.2,Irregular
EyeCon2_1,2024-12-01T14:06:28.472273,736.09,Spherical
EyeCon2_3,2024-12-01T14:06:28.472277,3442.53,Spherical
EyeCon2_1,2024-12-01T14:06:28.472281,895.62,Irregular
EyeCon2_3,2024-12-01T14:06:28.472286,4324.75,Spherical
EyeCon2_3,2024-12-01T14:06:28.472291,2967.82,Spherical
EyeCon2_1,2024-12-01T14:06:28.472295,3062.83,Irregular
EyeCon2_2,2024-12-01T14:06:28.472300,4147.5,Spherical
EyeCon2_2,2024-12-01T14:06:28.472304,2985.59,Irregular
EyeCon2_2,2024-12-01T14:06:28.472316,1138.8,Spherical
EyeCon2_1,2024-12-01T14:06:28.472321,2001.96,Spherical
EyeCon2_3,2024-12-01T14:06:28.472326,1674.08,Spherical
EyeCon2_1,2024-12-01T14:06:28.472330,3150.61,Spherical
EyeCon2_3,2024-12-01T14:06:28.472335,5301.1,Irregular
EyeCon2_2,2024-12-01T14:06:28.472339,2273.32,Spherical
EyeCon2_1,2024-12-01T14:06:28.472343,3321.34,Irregular
EyeCon2_1,2024-12-01T14:06:28.472348,2792.07,Irregular
EyeCon2_3,2024-12-01T14:06:28.472352,705.72,Irregular
EyeCon2_3,2024-12-01T14:06:28.472357,3704.26,Irregular
EyeCon2_1,2024-12-01T14:06:28.472362,1480.62,Spherical
EyeCon2_3,2024-12-01T14:06:28.472367,3171.98,Spherical
EyeCon2_3,2024-12-01T14:06:28.472372,4238.17,Spherical
EyeCon2_2,2024-12-01T14:06:28.472376,4830.82,Spherical
EyeCon2_3,2024-12-01T14:06:28.472381,1252.3,Spherical
EyeCon2_1,2024-12-01T14:06:28.472385,1858.17,Irregular
EyeCon2_3,2024-12-01T14:06:28.472390,3479.52,Spherical
EyeCon2_1,2024-12-01T14:06:28.472394,4732.76,Irregular
EyeCon2_1,2024-12-01T14:06:28.472399,1863.72,Spherical
EyeCon2_1,2024-12-01T14:06:28.472403,4683.43,Irregular
EyeCon2_1,2024-12-01T14:06:28.472408,1658.68,Irregular
EyeCon2_3,2024-12-01T14:06:28.472412,2606.8,Irregular
EyeCon2_1,2024-12-01T14:06:28.472417,5318.76,Spherical
EyeCon2_2,2024-12-01T14:06:28.472421,3616.27,Spherical
EyeCon2_3,2024-12-01T14:06:28.472426,3107.01,Irregular
EyeCon2_2,2024-12-01T14:06:28.472430,2773.43,Spherical
EyeCon2_2,2024-12-01T14:06:28.472435,4386.98,Spherical
EyeCon2_2,2024-12-01T14:06:28.472439,4002.71,Spherical
EyeCon2_2,2024-12-01T14:06:28.472443,2193.55,Spherical
EyeCon2_1,2024-12-01T14:06:28.472448,2320.95,Irregular
EyeCon2_1,2024-12-01T14:06:28.472453,2765.42,Spherical
EyeCon2_2,2024-12-01T14:06:28.472457,1232.12,Irregular
EyeCon2_3,2024-12-01T14:06:28.472462,3934.91,Irregular
EyeCon2_3,2024-12-01T14:06:28.472466,990.67,Irregular
EyeCon2_3,2024-12-01T14:06:28.472471,630.49,Spherical
EyeCon2_2,2024-12-01T14:06:28.472475,4307.16,Irregular
EyeCon2_3,2024-12-01T14:06:28.472480,3755.93,Irregular
EyeCon2_3,2024-12-01T14:06:28.472484,4007.59,Spherical
EyeCon2_1,2024-12-01T14:06:28.472489,54.34,Spherical
EyeCon2_2,2024-12-01T14:06:28.472493,4969.45,Irregular
EyeCon2_2,2024-12-01T14:06:28.472498,514.06,Irregular
EyeCon2_3,2024-12-01T14:06:28.472502,1608.65,Spherical
EyeCon2_1,2024-12-01T14:06:28.472507,4554.29,Spherical
EyeCon2_2,2024-12-01T14:06:28.472511,4788.7,Spherical
EyeCon2_3,2024-12-01T14:06:28.472516,2736.14,Spherical
EyeCon2_2,2024-12-01T14:06:28.472520,4383.39,Spherical
EyeCon2_2,2024-12-01T14:06:28.472524,4746.1,Irregular
EyeCon2_1,2024-12-01T14:06:28.472529,595.61,Irregular
EyeCon2_3,2024-12-01T14:06:28.472534,5166.11,Irregular
EyeCon2_1,2024-12-01T14:06:28.472539,2348.66,Irregular
EyeCon2_2,2024-12-01T14:06:28.472543,2996.98,Irregular
EyeCon2_3,2024-12-01T14:06:28.472548,1359.99,Spherical
EyeCon2_3,2024-12-01T14:06:28.472552,884.95,Irregular
EyeCon2_2,2024-12-01T14:06:28.472557,4656.48,Spherical
EyeCon2_2,2024-12-01T14:06:28.472561,5165.43,Irregular
EyeCon2_3,2024-12-01T14:06:28.472566,4911.97,Irregular
EyeCon2_3,2024-12-01T14:06:28.472570,3014.93,Irregular
EyeCon2_2,2024-12-01T14:06:28.472575,5231.3,Irregular
EyeCon2_3,2024-12-01T14:06:28.472580,1812.28,Irregular
EyeCon2_3,2024-12-01T14:06:28.472584,4480.21,Spherical
EyeCon2_3,2024-12-01T14:06:28.472590,440.18,Irregular
EyeCon2_3,2024-12-01T14:06:28.472594,2654.42,Irregular
EyeCon2_1,2024-12-01T14:06:28.472599,2175.56,Spherical
EyeCon2_2,2024-12-01T14:06:28.472603,1764.75,Irregular
EyeCon2_2,2024-12-01T14:06:28.472607,987.49,Irregular
EyeCon2_1,2024-12-01T14:06:28.472616,2741.96,Irregular
EyeCon2_2,2024-12-01T14:06:28.472620,678.3,Spherical
EyeCon2_3,2024-12-01T14:06:28.472625,2510.1,Irregular
EyeCon2_1,2024-12-01T14:06:28.472629,3819.79,Irregular
EyeCon2_3,2024-12-01T14:06:28.472634,3006.23,Spherical
EyeCon2_1,2024-12-01T14:06:28.472638,3177.71,Irregular
EyeCon2_1,2024-12-01T14:06:28.472643,3381.67,Irregular
EyeCon2_1,2024-12-01T14:06:28.472647,1765.71,Irregular
EyeCon2_2,2024-12-01T14:06:28.472652,2016.09,Irregular
EyeCon2_2,2024-12-01T14:06:28.472656,4363.35,Spherical
EyeCon2_2,2024-12-01T14:06:28.472660,5252.91,Irregular
EyeCon2_3,2024-12-01T14:06:28.472665,2664.75,Spherical
EyeCon2_3,2024-12-01T14:06:28.472670,3663.17,Irregular
EyeCon2_2,2024-12-01T14:06:28.472674,5384.26,Irregular
EyeCon2_3,2024-12-01T14:06:28.472679,4118.69,Irregular
EyeCon2_2,2024-12-01T14:06:28.472683,3476.69,Irregular
EyeCon2_3,2024-12-01T14:06:28.472687,1774.03,Irregular
EyeCon2_1,2024-12-01T14:06:28.472692,1339.06,Spherical
EyeCon2_2,2024-12-01T14:06:28.472697,3767.19,Irregular
EyeCon2_1,2024-12-01T14:06:28.472701,2973.21,Irregular
EyeCon2_2,2024-12-01T14:06:28.472706,3414.59,Irregular
EyeCon2_2,2024-12-01T14:06:28.472710,4344.69,Spherical
EyeCon2_3,2024-12-01T14:06:28.472715,476.13,Spherical
EyeCon2_2,2024-12-01T14:06:28.472719,2157.65,Irregular
EyeCon2_2,2024-12-01T14:06:28.472724,1069.62,Irregular
EyeCon2_3,2024-12-01T14:06:28.472728,4468.43,Spherical
EyeCon2_2,2024-12-01T14:06:28.472733,1661.55,Irregular
EyeCon2_1,2024-12-01T14:06:28.472737,359.23,Spherical
EyeCon2_1,2024-12-01T14:06:28.472742,4920.2,Irregular
EyeCon2_3,2024-12-01T14:06:28.472746,4357.59,Spherical
EyeCon2_1,2024-12-01T14:06:28.472751,875.78,Irregular
EyeCon2_1,2024-12-01T14:06:28.472755,2029.67,Spherical
EyeCon2_2,2024-12-01T14:06:28.472760,3360.27,Spherical
EyeCon2_3,2024-12-01T14:06:28.472764,3654.95,Irregular
EyeCon2_3,2024-12-01T14:06:28.472768,3180.62,Spherical
EyeCon2_2,2024-12-01T14:06:28.472773,2798.15,Irregular
EyeCon2_1,2024-12-01T14:06:28.472777,136.54,Spherical
EyeCon2_1,2024-12-01T14:06:28.472782,1175.45,Irregular
EyeCon2_3,2024-12-01T14:06:28.472786,664.34,Irregular
EyeCon2_3,2024-12-01T14:06:28.472791,5169.0,Spherical
EyeCon2_1,2024-12-01T14:06:28.472796,546.78,Irregular
EyeCon2_3,2024-12-01T14:06:28.472800,4460.51,Spherical
EyeCon2_2,2024-12-01T14:06:28.472804,3049.75,Spherical
EyeCon2_2,2024-12-01T14:06:28.472809,2469.81,Spherical
EyeCon2_3,2024-12-01T14:06:28.472813,1132.44,Spherical
EyeCon2_2,2024-12-01T14:06:28.472818,2536.34,Spherical
EyeCon2_1,2024-12-01T14:06:28.472822,2913.54,Irregular
EyeCon2_1,2024-12-01T14:06:28.472827,4784.25,Spherical
EyeCon2_3,2024-12-01T14:06:28.472832,4610.31,Spherical
EyeCon2_2,2024-12-01T14:06:28.472836,4343.74,Irregular
EyeCon2_3,2024-12-01T14:06:28.472841,165.04,Irregular
EyeCon2_2,2024-12-01T14:06:28.472845,4403.99,Spherical
EyeCon2_1,2024-12-01T14:06:28.472850,2931.19,Spherical
EyeCon2_3,2024-12-01T14:06:28.472854,1681.89,Irregular
EyeCon2_1,2024-12-01T14:06:28.472858,3577.34,Spherical
EyeCon2_3,2024-12-01T14:06:28.472863,1336.0,Spherical
EyeCon2_1,2024-12-01T14:06:28.472867,5365.36,Spherical
EyeCon2_2,2024-12-01T14:06:28.472872,3226.23,Irregular
EyeCon2_2,2024-12-01T14:06:28.472876,4435.12,Irregular
EyeCon2_1,2024-12-01T14:06:28.472881,2907.34,Spherical
EyeCon2_3,2024-12-01T14:06:28.472885,689.52,Irregular
EyeCon2_2,2024-12-01T14:06:28.472890,4281.44,Spherical
EyeCon2_1,2024-12-01T14:06:28.472895,3072.37,Irregular
EyeCon2_3,2024-12-01T14:06:28.472899,3007.23,Irregular
EyeCon2_2,2024-12-01T14:06:28.472904,2092.61,Spherical
EyeCon2_2,2024-12-01T14:06:28.472908,3173.83,Irregular
EyeCon2_2,2024-12-01T14:06:28.472912,2428.89,Irregular
EyeCon2_3,2024-12-01T14:06:28.472918,4387.62,Spherical
EyeCon2_2,2024-12-01T14:06:28.472922,566.15,Spherical
EyeCon2_2,2024-12-01T14:06:28.472927,3438.54,Irregular
EyeCon2_1,2024-12-01T14:06:28.472932,2902.27,Irregular
EyeCon2_1,2024-12-01T14:06:28.472936,783.44,Spherical
EyeCon2_2,2024-12-01T14:06:28.472940,539.68,Irregular
EyeCon2_3,2024-12-01T14:06:28.472945,1060.12,Spherical
EyeCon2_1,2024-12-01T14:06:28.472949,4308.83,Spherical
EyeCon2_2,2024-12-01T14:06:28.472954,5226.47,Irregular
EyeCon2_2,2024-12-01T14:06:28.472958,2069.65,Irregular
EyeCon2_3,2024-12-01T14:06:28.472963,3357.95,Spherical
EyeCon2_2,2024-12-01T14:06:28.472968,1676.91,Spherical
EyeCon2_3,2024-12-01T14:06:28.472972,4510.37,Irregular
EyeCon2_2,2024-12-01T14:06:28.472977,3826.71,Irregular
EyeCon2_2,2024-12-01T14:06:28.472981,4267.74,Spherical
EyeCon2_3,2024-12-01T14:06:28.472986,2203.44,Irregular
EyeCon2_1,2024-12-01T14:06:28.472990,4437.17,Irregular
EyeCon2_2,2024-12-01T14:06:28.472996,341.54,Spherical
EyeCon2_1,2024-12-01T14:06:28.473000,2718.96,Spherical
EyeCon2_2,2024-12-01T14:06:28.473004,552.13,Irregular
EyeCon2_1,2024-12-01T14:06:28.473009,1075.94,Spherical
EyeCon2_3,2024-12-01T14:06:28.473013,5204.66,Irregular
EyeCon2_3,2024-12-01T14:06:28.473018,3582.1,Irregular
EyeCon2_2,2024-12-01T14:06:28.473022,1828.04,Irregular
EyeCon2_1,2024-12-01T14:06:28.473027,4251.11,Spherical
EyeCon2_2,2024-12-01T14:06:28.473031,1421.01,Irregular
EyeCon2_3,2024-12-01T14:06:28.473035,3658.5,Irregular
EyeCon2_2,2024-12-01T14:06:28.473040,1365.48,Spherical
EyeCon2_2,2024-12-01T14:06:28.473044,3062.07,Spherical
EyeCon2_1,2024-12-01T14:06:28.473049,880.01,Irregular
EyeCon2_1,2024-12-01T14:06:28.473053,5222.75,Spherical
EyeCon2_1,2024-12-01T14:06:28.473058,3089.83,Spherical
EyeCon2_3,2024-12-01T14:06:28.473062,4007.88,Irregular
EyeCon2_1,2024-12-01T14:06:28.473067,2600.28,Spherical
EyeCon2_3,2024-12-01T14:06:28.473071,3125.22,Spherical
EyeCon2_2,2024-12-01T14:06:28.473075,4581.63,Irregular
EyeCon2_2,2024-12-01T14:06:28.473080,1232.37,Irregular
EyeCon2_3,2024-12-01T14:06:28.473084,4914.86,Irregular
EyeCon2_2,2024-12-01T14:06:28.473089,5457.38,Irregular
EyeCon2_1,2024-12-01T14:06:28.473093,3191.81,Irregular
EyeCon2_3,2024-12-01T14:06:28.473098,2636.12,Spherical
EyeCon2_1,2024-12-01T14:06:28.473103,3976.84,Spherical
EyeCon2_2,2024-12-01T14:06:28.473107,4192.63,Spherical
EyeCon2_1,2024-12-01T14:06:28.473113,1246.14,Irregular
EyeCon2_3,2024-12-01T14:06:28.473118,2286.16,Spherical
EyeCon2_1,2024-12-01T14:06:28.473122,5016.27,Irregular
EyeCon2_3,2024-12-01T14:06:28.473126,1262.01,Spherical
EyeCon2_1,2024-12-01T14:06:28.473131,2702.99,Irregular
EyeCon2_2,2024-12-01T14:06:28.473135,4152.26,Irregular
EyeCon2_3,2024-12-01T14:06:28.473155,4135.32,Spherical
EyeCon2_1,2024-12-01T14:06:28.473163,3924.29,Spherical
EyeCon2_2,2024-12-01T14:06:28.473171,4317.12,Spherical
EyeCon2_3,2024-12-01T14:06:28.473178,2552.91,Spherical
EyeCon2_2,2024-12-01T14:06:28.473186,3056.48,Spherical
EyeCon2_2,2024-12-01T14:06:28.473192,1388.16,Irregular
EyeCon2_2,2024-12-01T14:06:28.473199,1427.9,Spherical
EyeCon2_1,2024-12-01T14:06:28.473207,3543.5,Spherical
EyeCon2_3,2024-12-01T14:06:28.473215,3068.48,Irregular
EyeCon2_1,2024-12-01T14:06:28.473220,4196.67,Spherical
EyeCon2_3,2024-12-01T14:06:28.473224,1155.61,Irregular
EyeCon2_1,2024-12-01T14:06:28.473229,1770.83,Irregular
EyeCon2_2,2024-12-01T14:06:28.473233,2846.56,Spherical
EyeCon2_1,2024-12-01T14:06:28.473238,5242.03,Irregular
EyeCon2_2,2024-12-01T14:06:28.473243,3530.36,Spherical
EyeCon2_3,2024-12-01T14:06:28.473247,2490.91,Spherical
EyeCon2_3,2024-12-01T14:06:28.473252,4469.93,Irregular
EyeCon2_1,2024-12-01T14:06:28.473256,5079.24,Spherical
EyeCon2_1,2024-12-01T14:06:28.473261,1281.96,Spherical
EyeCon2_3,2024-12-01T14:06:28.473265,676.14,Irregular
EyeCon2_2,2024-12-01T14:06:28.473269,2073.63,Spherical
EyeCon2_3,2024-12-01T14:06:28.473274,5279.01,Spherical
EyeCon2_2,2024-12-01T14:06:28.473278,2403.91,Spherical
EyeCon2_1,2024-12-01T14:06:28.473282,2044.0,Irregular
EyeCon2_1,2024-12-01T14:06:28.473287,2111.44,Spherical
EyeCon2_1,2024-12-01T14:06:28.473292,2162.63,Spherical
EyeCon2_3,2024-12-01T14:06:28.473296,1523.81,Spherical
EyeCon2_1,2024-12-01T14:06:28.473301,2396.79,Irregular
EyeCon2_1,2024-12-01T14:06:28.473316,4666.29,Spherical
EyeCon2_1,2024-12-01T14:06:28.473325,1442.08,Irregular
EyeCon2_2,2024-12-01T14:06:28.473333,1073.54,Spherical
EyeCon2_3,2024-12-01T14:06:28.473341,3367.54,Spherical
EyeCon2_1,2024-12-01T14:06:28.473350,3458.7,Spherical
EyeCon2_1,2024-12-01T14:06:28.473359,1598.83,Irregular
EyeCon2_1,2024-12-01T14:06:28.473366,4413.76,Irregular
EyeCon2_3,2024-12-01T14:06:28.473371,2669.24,Spherical
EyeCon2_1,2024-12-01T14:06:28.473375,4433.71,Spherical
EyeCon2_3,2024-12-01T14:06:28.473380,4394.63,Spherical
EyeCon2_1,2024-12-01T14:06:28.473385,2351.04,Irregular
EyeCon2_2,2024-12-01T14:06:28.473389,4010.23,Irregular
EyeCon2_2,2024-12-01T14:06:28.473394,3789.87,Spherical
EyeCon2_2,2024-12-01T14:06:28.473398,5434.29,Spherical
EyeCon2_2,2024-12-01T14:06:28.473403,919.83,Spherical
EyeCon2_2,2024-12-01T14:06:28.473407,4517.51,Irregular
EyeCon2_2,2024-12-01T14:06:28.473411,3261.35,Spherical
EyeCon2_1,2024-12-01T14:06:28.473416,3997.79,Spherical
EyeCon2_1,2024-12-01T14:06:28.473420,151.67,Irregular
EyeCon2_1,2024-12-01T14:06:28.473424,930.77,Spherical
EyeCon2_1,2024-12-01T14:06:28.473429,1809.59,Spherical
EyeCon2_1,2024-12-01T14:06:28.473433,1971.71,Irregular
EyeCon2_2,2024-12-01T14:06:28.473438,519.8,Spherical
EyeCon2_1,2024-12-01T14:06:28.473442,4557.91,Spherical
EyeCon2_3,2024-12-01T14:06:28.473447,4454.12,Irregular
EyeCon2_3,2024-12-01T14:06:28.473451,1693.18,Spherical
EyeCon2_1,2024-12-01T14:06:28.473455,2118.93,Spherical
EyeCon2_3,2024-12-01T14:06:28.473460,2085.2,Irregular
EyeCon2_3,2024-12-01T14:06:28.473464,1764.57,Spherical
EyeCon2_1,2024-12-01T14:06:28.473469,3107.14,Irregular
EyeCon2_2,2024-12-01T14:06:28.473473,1280.99,Irregular
EyeCon2_3,2024-12-01T14:06:28.473479,1834.52,Spherical
EyeCon2_3,2024-12-01T14:06:28.473484,4630.61,Irregular
EyeCon2_1,2024-12-01T14:06:28.473488,959.45,Irregular
EyeCon2_2,2024-12-01T14:06:28.473493,4598.65,Spherical
EyeCon2_2,2024-12-01T14:06:28.473498,3838.19,Irregular
EyeCon2_3,2024-12-01T14:06:28.473502,175.93,Spherical
EyeCon2_2,2024-12-01T14:06:28.473507,1093.31,Spherical
EyeCon2_1,2024-12-01T14:06:28.473511,2957.77,Spherical
EyeCon2_3,2024-12-01T14:06:28.473516,1728.42,Spherical
EyeCon2_1,2024-12-01T14:06:28.473520,1125.41,Spherical
EyeCon2_1,2024-12-01T14:06:28.473525,4107.75,Irregular
EyeCon2_1,2024-12-01T14:06:28.473529,244.39,Irregular
EyeCon2_1,2024-12-01T14:06:28.473534,1607.1,Irregular
EyeCon2_1,2024-12-01T14:06:28.473539,2424.48,Spherical
EyeCon2_2,2024-12-01T14:06:28.473544,4037.48,Spherical
EyeCon2_3,2024-12-01T14:06:28.473548,2945.71,Irregular
EyeCon2_2,2024-12-01T14:06:28.473553,3620.23,Irregular
EyeCon2_1,2024-12-01T14:06:28.473558,1026.31,Irregular
EyeCon2_3,2024-12-01T14:06:28.473562,3948.84,Spherical
EyeCon2_2,2024-12-01T14:06:28.473567,1022.34,Spherical
EyeCon2_2,2024-12-01T14:06:28.473571,2338.15,Spherical
EyeCon2_2,2024-12-01T14:06:28.473575,620.09,Irregular
EyeCon2_2,2024-12-01T14:06:28.473580,3342.63,Spherical
EyeCon2_1,2024-12-01T14:06:28.473585,3096.87,Spherical
EyeCon2_3,2024-12-01T14:06:28.473589,3978.91,Spherical
EyeCon2_3,2024-12-01T14:06:28.473594,2007.98,Spherical
EyeCon2_2,2024-12-01T14:06:28.473598,2462.95,Spherical
EyeCon2_2,2024-12-01T14:06:28.473603,5401.49,Spherical
EyeCon2_3,2024-12-01T14:06:28.473607,4012.41,Spherical
EyeCon2_1,2024-12-01T14:06:28.473617,4828.09,Irregular
EyeCon2_2,2024-12-01T14:06:28.473621,3221.07,Spherical
