device_id,timestamp,humidity
HumidiProbe_1,2024-12-01T14:06:28.460112,48.5
HumidiProbe_7,2024-12-01T14:06:28.460119,53.74
HumidiProbe_9,2024-12-01T14:06:28.460123,57.07
HumidiProbe_6,2024-12-01T14:06:28.460126,50.98
HumidiProbe_6,2024-12-01T14:06:28.460130,40.55
HumidiProbe_3,2024-12-01T14:06:28.460134,64.74
HumidiProbe_3,2024-12-01T14:06:28.460138,34.82
HumidiProbe_9,2024-12-01T14:06:28.460142,43.69
HumidiProbe_9,2024-12-01T14:06:28.460146,46.95
HumidiProbe_7,2024-12-01T14:06:28.460150,42.49
HumidiProbe_3,2024-12-01T14:06:28.460154,69.76
HumidiProbe_10,2024-12-01T14:06:28.460158,57.5
HumidiProbe_2,2024-12-01T14:06:28.460162,52.03
HumidiProbe_6,2024-12-01T14:06:28.460166,42.11
HumidiProbe_8,2024-12-01T14:06:28.460170,54.67
HumidiProbe_8,2024-12-01T14:06:28.460174,42.09
HumidiProbe_7,2024-12-01T14:06:28.460178,46.2
HumidiProbe_9,2024-12-01T14:06:28.460181,58.56
HumidiProbe_3,2024-12-01T14:06:28.460186,57.89
HumidiProbe_9,2024-12-01T14:06:28.460190,57.94
HumidiProbe_10,2024-12-01T14:06:28.460193,63.23
HumidiProbe_1,2024-12-01T14:06:28.460197,61.39
HumidiProbe_7,2024-12-01T14:06:28.460201,34.73
HumidiProbe_7,2024-12-01T14:06:28.460205,68.59
HumidiProbe_2,2024-12-01T14:06:28.460208,47.8
HumidiProbe_7,2024-12-01T14:06:28.460213,30.28
HumidiProbe_8,2024-12-01T14:06:28.460217,57.26
HumidiProbe_2,2024-12-01T14:06:28.460221,58.65
HumidiProbe_9,2024-12-01T14:06:28.460225,68.56
HumidiProbe_8,2024-12-01T14:06:28.460228,48.67
HumidiProbe_4,2024-12-01T14:06:28.460232,39.33
HumidiProbe_5,2024-12-01T14:06:28.460236,43.76
HumidiProbe_2,2024-12-01T14:06:28.460239,34.16
HumidiProbe_4,2024-12-01T14:06:28.460243,51.12
HumidiProbe_5,2024-12-01T14:06:28.460247,39.77
HumidiProbe_7,2024-12-01T14:06:28.460251,61.72
HumidiProbe_8,2024-12-01T14:06:28.460256,42.87
HumidiProbe_9,2024-12-01T14:06:28.460259,57.74
HumidiProbe_4,2024-12-01T14:06:28.460263,54.53
HumidiProbe_7,2024-12-01T14:06:28.460267,31.22
HumidiProbe_1,2024-12-01T14:06:28.460271,61.23
HumidiProbe_7,2024-12-01T14:06:28.460275,63.31
HumidiProbe_2,2024-12-01T14:06:28.460278,45.44
HumidiProbe_7,2024-12-01T14:06:28.460282,30.16
HumidiProbe_10,2024-12-01T14:06:28.460286,47.84
HumidiProbe_7,2024-12-01T14:06:28.460290,42.51
HumidiProbe_8,2024-12-01T14:06:28.460294,38.3
HumidiProbe_8,2024-12-01T14:06:28.460298,60.11
HumidiProbe_1,2024-12-01T14:06:28.460301,54.78
HumidiProbe_1,2024-12-01T14:06:28.460318,40.24
HumidiProbe_2,2024-12-01T14:06:28.460323,34.32
HumidiProbe_1,2024-12-01T14:06:28.460327,36.35
HumidiProbe_8,2024-12-01T14:06:28.460330,35.38
HumidiProbe_5,2024-12-01T14:06:28.460334,41.22
HumidiProbe_1,2024-12-01T14:06:28.460338,42.45
HumidiProbe_7,2024-12-01T14:06:28.460342,34.22
HumidiProbe_7,2024-12-01T14:06:28.460346,53.36
HumidiProbe_10,2024-12-01T14:06:28.460350,60.24
HumidiProbe_10,2024-12-01T14:06:28.460354,51.17
HumidiProbe_1,2024-12-01T14:06:28.460358,32.21
HumidiProbe_6,2024-12-01T14:06:28.460363,50.59
HumidiProbe_8,2024-12-01T14:06:28.460368,51.8
HumidiProbe_9,2024-12-01T14:06:28.460372,66.72
HumidiProbe_7,2024-12-01T14:06:28.460376,34.98
HumidiProbe_10,2024-12-01T14:06:28.460380,50.1
HumidiProbe_6,2024-12-01T14:06:28.460385,55.32
HumidiProbe_5,2024-12-01T14:06:28.460388,65.35
HumidiProbe_6,2024-12-01T14:06:28.460392,63.06
HumidiProbe_5,2024-12-01T14:06:28.460396,43.54
HumidiProbe_3,2024-12-01T14:06:28.460400,38.96
HumidiProbe_5,2024-12-01T14:06:28.460405,41.04
HumidiProbe_10,2024-12-01T14:06:28.460408,40.04
HumidiProbe_9,2024-12-01T14:06:28.460412,44.01
HumidiProbe_1,2024-12-01T14:06:28.460416,59.05
HumidiProbe_9,2024-12-01T14:06:28.460420,51.74
HumidiProbe_8,2024-12-01T14:06:28.460424,54.58
HumidiProbe_10,2024-12-01T14:06:28.460428,31.57
HumidiProbe_5,2024-12-01T14:06:28.460433,34.59
HumidiProbe_2,2024-12-01T14:06:28.460437,31.93
HumidiProbe_6,2024-12-01T14:06:28.460440,54.77
HumidiProbe_9,2024-12-01T14:06:28.460444,56.4
HumidiProbe_1,2024-12-01T14:06:28.460448,65.38
HumidiProbe_3,2024-12-01T14:06:28.460452,67.6
HumidiProbe_5,2024-12-01T14:06:28.460456,57.61
HumidiProbe_2,2024-12-01T14:06:28.460459,55.91
HumidiProbe_5,2024-12-01T14:06:28.460463,53.65
HumidiProbe_4,2024-12-01T14:06:28.460468,58.98
HumidiProbe_10,2024-12-01T14:06:28.460472,33.38
HumidiProbe_4,2024-12-01T14:06:28.460476,54.74
HumidiProbe_5,2024-12-01T14:06:28.460480,68.82
HumidiProbe_5,2024-12-01T14:06:28.460483,64.41
HumidiProbe_10,2024-12-01T14:06:28.460487,36.86
HumidiProbe_2,2024-12-01T14:06:28.460491,44.19
HumidiProbe_5,2024-12-01T14:06:28.460495,41.55
HumidiProbe_9,2024-12-01T14:06:28.460499,30.57
HumidiProbe_8,2024-12-01T14:06:28.460503,30.32
HumidiProbe_3,2024-12-01T14:06:28.460507,54.48
HumidiProbe_1,2024-12-01T14:06:28.460510,42.05
HumidiProbe_3,2024-12-01T14:06:28.460514,33.39
HumidiProbe_3,2024-12-01T14:06:28.460518,60.7
HumidiProbe_9,2024-12-01T14:06:28.460522,44.73
HumidiProbe_7,2024-12-01T14:06:28.460526,33.34
HumidiProbe_9,2024-12-01T14:06:28.460530,66.59
HumidiProbe_5,2024-12-01T14:06:28.460533,50.76
HumidiProbe_4,2024-12-01T14:06:28.460537,38.09
HumidiProbe_2,2024-12-01T14:06:28.460541,58.83
HumidiProbe_3,2024-12-01T14:06:28.460544,35.91
HumidiProbe_10,2024-12-01T14:06:28.460548,50.03
HumidiProbe_5,2024-12-01T14:06:28.460552,57.9
HumidiProbe_9,2024-12-01T14:06:28.460556,69.74
HumidiProbe_1,2024-12-01T14:06:28.460560,40.89
HumidiProbe_9,2024-12-01T14:06:28.460564,66.18
HumidiProbe_5,2024-12-01T14:06:28.460568,63.06
HumidiProbe_4,2024-12-01T14:06:28.460571,30.98
HumidiProbe_2,2024-12-01T14:06:28.460575,59.46
HumidiProbe_10,2024-12-01T14:06:28.460579,31.83
HumidiProbe_3,2024-12-01T14:06:28.460583,47.42
HumidiProbe_8,2024-12-01T14:06:28.460586,69.9
HumidiProbe_8,2024-12-01T14:06:28.460591,67.97
HumidiProbe_3,2024-12-01T14:06:28.460595,48.99
HumidiProbe_8,2024-12-01T14:06:28.460599,65.37
HumidiProbe_9,2024-12-01T14:06:28.460602,45.47
HumidiProbe_1,2024-12-01T14:06:28.460606,43.02
HumidiProbe_7,2024-12-01T14:06:28.460616,30.19
HumidiProbe_3,2024-12-01T14:06:28.460620,30.54
HumidiProbe_9,2024-12-01T14:06:28.460623,47.48
HumidiProbe_4,2024-12-01T14:06:28.460627,58.32
HumidiProbe_5,2024-12-01T14:06:28.460631,44.45
HumidiProbe_2,2024-12-01T14:06:28.460635,45.62
HumidiProbe_9,2024-12-01T14:06:28.460639,55.94
HumidiProbe_9,2024-12-01T14:06:28.460643,66.17
HumidiProbe_3,2024-12-01T14:06:28.460646,42.26
HumidiProbe_2,2024-12-01T14:06:28.460650,34.28
HumidiProbe_3,2024-12-01T14:06:28.460654,30.13
HumidiProbe_7,2024-12-01T14:06:28.460658,48.59
HumidiProbe_9,2024-12-01T14:06:28.460662,59.36
HumidiProbe_6,2024-12-01T14:06:28.460666,57.18
HumidiProbe_1,2024-12-01T14:06:28.460670,49.58
HumidiProbe_7,2024-12-01T14:06:28.460674,64.51
HumidiProbe_4,2024-12-01T14:06:28.460678,41.51
HumidiProbe_8,2024-12-01T14:06:28.460681,48.39
HumidiProbe_7,2024-12-01T14:06:28.460686,32.43
HumidiProbe_3,2024-12-01T14:06:28.460690,58.55
HumidiProbe_1,2024-12-01T14:06:28.460694,68.47
HumidiProbe_5,2024-12-01T14:06:28.460698,54.22
HumidiProbe_1,2024-12-01T14:06:28.460701,32.52
HumidiProbe_4,2024-12-01T14:06:28.460705,58.82
HumidiProbe_7,2024-12-01T14:06:28.460709,46.45
HumidiProbe_10,2024-12-01T14:06:28.460713,34.67
HumidiProbe_5,2024-12-01T14:06:28.460717,58.8
HumidiProbe_2,2024-12-01T14:06:28.460721,56.7
HumidiProbe_5,2024-12-01T14:06:28.460725,63.12
HumidiProbe_7,2024-12-01T14:06:28.460728,48.52
HumidiProbe_5,2024-12-01T14:06:28.460732,43.99
HumidiProbe_5,2024-12-01T14:06:28.460736,51.54
HumidiProbe_8,2024-12-01T14:06:28.460740,34.61
HumidiProbe_10,2024-12-01T14:06:28.460743,55.41
HumidiProbe_2,2024-12-01T14:06:28.460747,30.02
HumidiProbe_5,2024-12-01T14:06:28.460751,40.78
HumidiProbe_3,2024-12-01T14:06:28.460755,54.86
HumidiProbe_5,2024-12-01T14:06:28.460758,32.13
HumidiProbe_4,2024-12-01T14:06:28.460762,48.32
HumidiProbe_7,2024-12-01T14:06:28.460766,48.41
HumidiProbe_6,2024-12-01T14:06:28.460770,60.29
HumidiProbe_2,2024-12-01T14:06:28.460774,53.62
HumidiProbe_7,2024-12-01T14:06:28.460778,65.47
HumidiProbe_5,2024-12-01T14:06:28.460782,43.99
HumidiProbe_4,2024-12-01T14:06:28.460786,68.08
HumidiProbe_7,2024-12-01T14:06:28.460790,62.62
HumidiProbe_4,2024-12-01T14:06:28.460794,66.6
HumidiProbe_6,2024-12-01T14:06:28.460798,69.3
HumidiProbe_3,2024-12-01T14:06:28.460801,51.32
HumidiProbe_3,2024-12-01T14:06:28.460805,58.93
HumidiProbe_8,2024-12-01T14:06:28.460809,63.62
HumidiProbe_5,2024-12-01T14:06:28.460813,44.55
HumidiProbe_2,2024-12-01T14:06:28.460817,37.18
HumidiProbe_7,2024-12-01T14:06:28.460820,44.4
HumidiProbe_2,2024-12-01T14:06:28.460824,50.95
HumidiProbe_6,2024-12-01T14:06:28.460828,50.73
HumidiProbe_8,2024-12-01T14:06:28.460832,41.54
HumidiProbe_7,2024-12-01T14:06:28.460835,62.35
HumidiProbe_6,2024-12-01T14:06:28.460839,58.57
HumidiProbe_1,2024-12-01T14:06:28.460843,30.96
HumidiProbe_9,2024-12-01T14:06:28.460847,55.61
HumidiProbe_4,2024-12-01T14:06:28.460851,31.73
HumidiProbe_1,2024-12-01T14:06:28.460855,32.8
HumidiProbe_9,2024-12-01T14:06:28.460859,46.85
HumidiProbe_10,2024-12-01T14:06:28.460863,68.86
HumidiProbe_2,2024-12-01T14:06:28.460867,30.49
HumidiProbe_10,2024-12-01T14:06:28.460871,67.83
HumidiProbe_4,2024-12-01T14:06:28.460875,58.07
HumidiProbe_5,2024-12-01T14:06:28.460879,69.11
HumidiProbe_6,2024-12-01T14:06:28.460882,66.18
HumidiProbe_3,2024-12-01T14:06:28.460886,64.53
HumidiProbe_1,2024-12-01T14:06:28.460890,62.46
HumidiProbe_7,2024-12-01T14:06:28.460894,43.9
HumidiProbe_4,2024-12-01T14:06:28.460898,53.49
HumidiProbe_1,2024-12-01T14:06:28.460902,54.3
HumidiProbe_10,2024-12-01T14:06:28.460906,68.88
HumidiProbe_4,2024-12-01T14:06:28.460910,33.62
HumidiProbe_7,2024-12-01T14:06:28.460914,65.52
HumidiProbe_6,2024-12-01T14:06:28.460918,30.3
HumidiProbe_5,2024-12-01T14:06:28.460922,46.9
HumidiProbe_8,2024-12-01T14:06:28.460925,35.88
HumidiProbe_4,2024-12-01T14:06:28.460929,52.75
HumidiProbe_10,2024-12-01T14:06:28.460933,58.42
HumidiProbe_7,2024-12-01T14:06:28.460937,30.98
HumidiProbe_2,2024-12-01T14:06:28.460941,52.31
HumidiProbe_4,2024-12-01T14:06:28.460944,54.83
HumidiProbe_5,2024-12-01T14:06:28.460948,50.19
HumidiProbe_10,2024-12-01T14:06:28.460953,66.63
HumidiProbe_10,2024-12-01T14:06:28.460957,43.63
HumidiProbe_4,2024-12-01T14:06:28.460960,51.48
HumidiProbe_4,2024-12-01T14:06:28.460964,45.38
HumidiProbe_9,2024-12-01T14:06:28.460968,56.02
HumidiProbe_10,2024-12-01T14:06:28.460972,69.59
HumidiProbe_4,2024-12-01T14:06:28.460975,31.05
HumidiProbe_5,2024-12-01T14:06:28.460979,39.14
HumidiProbe_9,2024-12-01T14:06:28.460983,47.05
HumidiProbe_5,2024-12-01T14:06:28.460987,41.79
HumidiProbe_6,2024-12-01T14:06:28.460991,54.65
HumidiProbe_7,2024-12-01T14:06:28.460994,35.83
HumidiProbe_8,2024-12-01T14:06:28.460998,33.46
HumidiProbe_6,2024-12-01T14:06:28.461002,54.22
HumidiProbe_4,2024-12-01T14:06:28.461006,35.8
HumidiProbe_10,2024-12-01T14:06:28.461010,37.45
HumidiProbe_3,2024-12-01T14:06:28.461013,65.49
HumidiProbe_8,2024-12-01T14:06:28.461017,43.71
HumidiProbe_1,2024-12-01T14:06:28.461021,58.88
HumidiProbe_3,2024-12-01T14:06:28.461025,38.72
HumidiProbe_5,2024-12-01T14:06:28.461028,54.43
HumidiProbe_4,2024-12-01T14:06:28.461032,51.3
HumidiProbe_9,2024-12-01T14:06:28.461036,53.82
HumidiProbe_3,2024-12-01T14:06:28.461040,46.46
HumidiProbe_2,2024-12-01T14:06:28.461044,38.8
HumidiProbe_10,2024-12-01T14:06:28.461048,58.61
HumidiProbe_7,2024-12-01T14:06:28.461052,30.82
HumidiProbe_10,2024-12-01T14:06:28.461056,36.27
HumidiProbe_8,2024-12-01T14:06:28.461060,61.02
HumidiProbe_7,2024-12-01T14:06:28.461064,54.18
HumidiProbe_6,2024-12-01T14:06:28.461068,60.81
HumidiProbe_4,2024-12-01T14:06:28.461072,51.02
HumidiProbe_1,2024-12-01T14:06:28.461075,55.8
HumidiProbe_5,2024-12-01T14:06:28.461079,66.19
HumidiProbe_9,2024-12-01T14:06:28.461083,52.89
HumidiProbe_5,2024-12-01T14:06:28.461087,45.11
HumidiProbe_5,2024-12-01T14:06:28.461091,69.62
HumidiProbe_6,2024-12-01T14:06:28.461094,40.64
HumidiProbe_2,2024-12-01T14:06:28.461098,55.83
HumidiProbe_1,2024-12-01T14:06:28.461102,50.05
HumidiProbe_8,2024-12-01T14:06:28.461106,41.81
HumidiProbe_1,2024-12-01T14:06:28.461110,39.23
HumidiProbe_9,2024-12-01T14:06:28.461113,67.47
HumidiProbe_6,2024-12-01T14:06:28.461117,52.84
HumidiProbe_1,2024-12-01T14:06:28.461121,54.0
HumidiProbe_5,2024-12-01T14:06:28.461125,61.24
HumidiProbe_4,2024-12-01T14:06:28.461129,57.36
HumidiProbe_10,2024-12-01T14:06:28.461133,51.74
HumidiProbe_3,2024-12-01T14:06:28.461137,66.63
HumidiProbe_1,2024-12-01T14:06:28.461141,68.27
HumidiProbe_5,2024-12-01T14:06:28.461145,65.29
HumidiProbe_4,2024-12-01T14:06:28.461149,42.32
HumidiProbe_2,2024-12-01T14:06:28.461153,51.46
HumidiProbe_5,2024-12-01T14:06:28.461157,32.33
HumidiProbe_10,2024-12-01T14:06:28.461161,54.22
HumidiProbe_6,2024-12-01T14:06:28.461164,62.54
HumidiProbe_7,2024-12-01T14:06:28.461168,32.46
HumidiProbe_1,2024-12-01T14:06:28.461172,61.98
HumidiProbe_5,2024-12-01T14:06:28.461176,48.31
HumidiProbe_10,2024-12-01T14:06:28.461180,49.67
HumidiProbe_5,2024-12-01T14:06:28.461184,69.67
HumidiProbe_5,2024-12-01T14:06:28.461188,62.44
HumidiProbe_7,2024-12-01T14:06:28.461192,36.56
HumidiProbe_7,2024-12-01T14:06:28.461196,50.91
HumidiProbe_9,2024-12-01T14:06:28.461199,64.12
HumidiProbe_8,2024-12-01T14:06:28.461203,38.03
HumidiProbe_2,2024-12-01T14:06:28.461207,34.14
HumidiProbe_3,2024-12-01T14:06:28.461211,53.7
HumidiProbe_6,2024-12-01T14:06:28.461215,69.48
HumidiProbe_8,2024-12-01T14:06:28.461219,40.94
HumidiProbe_4,2024-12-01T14:06:28.461223,32.43
HumidiProbe_6,2024-12-01T14:06:28.461226,37.71
HumidiProbe_5,2024-12-01T14:06:28.461230,41.76
HumidiProbe_1,2024-12-01T14:06:28.461234,32.14
HumidiProbe_8,2024-12-01T14:06:28.461238,56.0
HumidiProbe_10,2024-12-01T14:06:28.461242,69.06
HumidiProbe_9,2024-12-01T14:06:28.461246,66.43
HumidiProbe_6,2024-12-01T14:06:28.461249,57.54
HumidiProbe_7,2024-12-01T14:06:28.461253,60.44
HumidiProbe_3,2024-12-01T14:06:28.461257,42.8
HumidiProbe_3,2024-12-01T14:06:28.461262,39.84
HumidiProbe_8,2024-12-01T14:06:28.461267,35.97
HumidiProbe_10,2024-12-01T14:06:28.461271,54.45
HumidiProbe_10,2024-12-01T14:06:28.461275,67.15
HumidiProbe_4,2024-12-01T14:06:28.461278,60.88
HumidiProbe_4,2024-12-01T14:06:28.461282,45.82
HumidiProbe_7,2024-12-01T14:06:28.461286,46.75
HumidiProbe_7,2024-12-01T14:06:28.461290,67.1
HumidiProbe_8,2024-12-01T14:06:28.461294,44.72
HumidiProbe_9,2024-12-01T14:06:28.461298,51.72
HumidiProbe_9,2024-12-01T14:06:28.461301,54.83
HumidiProbe_10,2024-12-01T14:06:28.461316,65.44
HumidiProbe_3,2024-12-01T14:06:28.461324,52.22
HumidiProbe_6,2024-12-01T14:06:28.461331,56.46
HumidiProbe_6,2024-12-01T14:06:28.461338,60.23
HumidiProbe_9,2024-12-01T14:06:28.461344,63.89
HumidiProbe_8,2024-12-01T14:06:28.461349,38.65
HumidiProbe_1,2024-12-01T14:06:28.461353,38.09
HumidiProbe_7,2024-12-01T14:06:28.461357,34.06
HumidiProbe_9,2024-12-01T14:06:28.461361,62.33
HumidiProbe_10,2024-12-01T14:06:28.461365,67.85
HumidiProbe_6,2024-12-01T14:06:28.461369,32.68
HumidiProbe_8,2024-12-01T14:06:28.461373,31.9
HumidiProbe_5,2024-12-01T14:06:28.461376,47.01
HumidiProbe_2,2024-12-01T14:06:28.461380,65.76
HumidiProbe_5,2024-12-01T14:06:28.461384,51.81
HumidiProbe_5,2024-12-01T14:06:28.461387,39.16
HumidiProbe_6,2024-12-01T14:06:28.461391,43.53
HumidiProbe_8,2024-12-01T14:06:28.461395,52.99
HumidiProbe_10,2024-12-01T14:06:28.461399,35.37
HumidiProbe_8,2024-12-01T14:06:28.461402,61.78
HumidiProbe_5,2024-12-01T14:06:28.461406,33.12
HumidiProbe_7,2024-12-01T14:06:28.461410,35.8
HumidiProbe_8,2024-12-01T14:06:28.461414,68.14
HumidiProbe_7,2024-12-01T14:06:28.461418,41.58
HumidiProbe_3,2024-12-01T14:06:28.461422,40.84
HumidiProbe_5,2024-12-01T14:06:28.461426,58.77
HumidiProbe_10,2024-12-01T14:06:28.461430,46.71
HumidiProbe_7,2024-12-01T14:06:28.461434,61.61
HumidiProbe_4,2024-12-01T14:06:28.461438,61.67
HumidiProbe_2,2024-12-01T14:06:28.461442,59.1
HumidiProbe_4,2024-12-01T14:06:28.461445,47.4
HumidiProbe_7,2024-12-01T14:06:28.461449,57.2
HumidiProbe_10,2024-12-01T14:06:28.461453,39.75
HumidiProbe_2,2024-12-01T14:06:28.461457,45.13
HumidiProbe_10,2024-12-01T14:06:28.461461,45.04
HumidiProbe_4,2024-12-01T14:06:28.461464,33.16
HumidiProbe_3,2024-12-01T14:06:28.461468,66.23
HumidiProbe_1,2024-12-01T14:06:28.461472,59.89
HumidiProbe_7,2024-12-01T14:06:28.461476,34.38
HumidiProbe_7,2024-12-01T14:06:28.461480,45.52
HumidiProbe_2,2024-12-01T14:06:28.461483,54.16
HumidiProbe_9,2024-12-01T14:06:28.461487,63.71
HumidiProbe_2,2024-12-01T14:06:28.461491,56.52
HumidiProbe_1,2024-12-01T14:06:28.461495,53.26
HumidiProbe_3,2024-12-01T14:06:28.461499,42.77
HumidiProbe_9,2024-12-01T14:06:28.461502,63.05
HumidiProbe_3,2024-12-01T14:06:28.461506,36.69
HumidiProbe_3,2024-12-01T14:06:28.461510,34.34
HumidiProbe_9,2024-12-01T14:06:28.461514,37.15
HumidiProbe_1,2024-12-01T14:06:28.461517,49.88
HumidiProbe_8,2024-12-01T14:06:28.461521,59.23
HumidiProbe_2,2024-12-01T14:06:28.461525,43.87
HumidiProbe_8,2024-12-01T14:06:28.461529,50.62
HumidiProbe_6,2024-12-01T14:06:28.461533,47.96
HumidiProbe_8,2024-12-01T14:06:28.461537,67.78
HumidiProbe_1,2024-12-01T14:06:28.461541,37.03
HumidiProbe_4,2024-12-01T14:06:28.461545,34.3
HumidiProbe_9,2024-12-01T14:06:28.461548,52.84
HumidiProbe_5,2024-12-01T14:06:28.461552,44.13
HumidiProbe_7,2024-12-01T14:06:28.461557,59.52
HumidiProbe_6,2024-12-01T14:06:28.461561,64.62
HumidiProbe_1,2024-12-01T14:06:28.461564,47.97
HumidiProbe_6,2024-12-01T14:06:28.461568,57.21
HumidiProbe_8,2024-12-01T14:06:28.461572,56.96
HumidiProbe_6,2024-12-01T14:06:28.461576,66.46
HumidiProbe_2,2024-12-01T14:06:28.461579,35.23
HumidiProbe_4,2024-12-01T14:06:28.461583,59.23
HumidiProbe_5,2024-12-01T14:06:28.461587,60.58
HumidiProbe_2,2024-12-01T14:06:28.461591,49.23
HumidiProbe_8,2024-12-01T14:06:28.461595,32.35
HumidiProbe_1,2024-12-01T14:06:28.461599,51.29
HumidiProbe_4,2024-12-01T14:06:28.461602,64.65
HumidiProbe_9,2024-12-01T14:06:28.461606,56.13
HumidiProbe_8,2024-12-01T14:06:28.461615,49.8
HumidiProbe_3,2024-12-01T14:06:28.461619,35.58
HumidiProbe_9,2024-12-01T14:06:28.461623,58.92
HumidiProbe_3,2024-12-01T14:06:28.461627,54.51
HumidiProbe_7,2024-12-01T14:06:28.461630,45.92
HumidiProbe_1,2024-12-01T14:06:28.461634,53.05
HumidiProbe_2,2024-12-01T14:06:28.461638,60.76
HumidiProbe_5,2024-12-01T14:06:28.461642,45.16
HumidiProbe_10,2024-12-01T14:06:28.461645,40.53
HumidiProbe_3,2024-12-01T14:06:28.461649,60.94
HumidiProbe_7,2024-12-01T14:06:28.461653,61.81
HumidiProbe_1,2024-12-01T14:06:28.461657,32.39
HumidiProbe_10,2024-12-01T14:06:28.461661,31.15
HumidiProbe_4,2024-12-01T14:06:28.461664,50.14
HumidiProbe_5,2024-12-01T14:06:28.461668,65.38
HumidiProbe_5,2024-12-01T14:06:28.461672,62.98
HumidiProbe_5,2024-12-01T14:06:28.461676,45.51
HumidiProbe_9,2024-12-01T14:06:28.461680,37.95
HumidiProbe_10,2024-12-01T14:06:28.461684,44.65
HumidiProbe_1,2024-12-01T14:06:28.461688,46.03
HumidiProbe_8,2024-12-01T14:06:28.461692,40.96
HumidiProbe_3,2024-12-01T14:06:28.461696,61.98
HumidiProbe_3,2024-12-01T14:06:28.461706,53.76
HumidiProbe_5,2024-12-01T14:06:28.461711,56.9
HumidiProbe_8,2024-12-01T14:06:28.461715,63.01
HumidiProbe_2,2024-12-01T14:06:28.461718,35.94
HumidiProbe_9,2024-12-01T14:06:28.461722,34.59
HumidiProbe_7,2024-12-01T14:06:28.461726,32.34
HumidiProbe_4,2024-12-01T14:06:28.461730,31.77
HumidiProbe_9,2024-12-01T14:06:28.461734,49.6
HumidiProbe_5,2024-12-01T14:06:28.461738,52.42
HumidiProbe_6,2024-12-01T14:06:28.461741,32.58
HumidiProbe_2,2024-12-01T14:06:28.461745,37.31
HumidiProbe_1,2024-12-01T14:06:28.461749,58.16
HumidiProbe_3,2024-12-01T14:06:28.461753,55.13
HumidiProbe_5,2024-12-01T14:06:28.461757,52.84
HumidiProbe_8,2024-12-01T14:06:28.461761,68.22
HumidiProbe_10,2024-12-01T14:06:28.461764,49.79
HumidiProbe_4,2024-12-01T14:06:28.461768,67.26
HumidiProbe_10,2024-12-01T14:06:28.461772,47.17
HumidiProbe_8,2024-12-01T14:06:28.461776,38.68
HumidiProbe_6,2024-12-01T14:06:28.461780,34.24
HumidiProbe_10,2024-12-01T14:06:28.461784,33.11
HumidiProbe_8,2024-12-01T14:06:28.461788,40.62
HumidiProbe_4,2024-12-01T14:06:28.461792,42.48
HumidiProbe_4,2024-12-01T14:06:28.461796,34.67
HumidiProbe_4,2024-12-01T14:06:28.461800,54.61
HumidiProbe_9,2024-12-01T14:06:28.461804,42.24
HumidiProbe_2,2024-12-01T14:06:28.461808,45.8
HumidiProbe_4,2024-12-01T14:06:28.461812,48.68
HumidiProbe_2,2024-12-01T14:06:28.461816,64.59
HumidiProbe_4,2024-12-01T14:06:28.461820,47.02
HumidiProbe_8,2024-12-01T14:06:28.461823,61.1
HumidiProbe_8,2024-12-01T14:06:28.461827,35.03
HumidiProbe_7,2024-12-01T14:06:28.461831,41.03
HumidiProbe_2,2024-12-01T14:06:28.461835,64.68
HumidiProbe_9,2024-12-01T14:06:28.461839,55.45
HumidiProbe_9,2024-12-01T14:06:28.461842,57.03
HumidiProbe_8,2024-12-01T14:06:28.461846,64.75
HumidiProbe_2,2024-12-01T14:06:28.461850,31.2
HumidiProbe_10,2024-12-01T14:06:28.461854,63.91
HumidiProbe_7,2024-12-01T14:06:28.461858,60.38
HumidiProbe_5,2024-12-01T14:06:28.461862,54.3
HumidiProbe_6,2024-12-01T14:06:28.461866,44.45
HumidiProbe_6,2024-12-01T14:06:28.461869,69.58
HumidiProbe_8,2024-12-01T14:06:28.461873,40.91
HumidiProbe_9,2024-12-01T14:06:28.461877,64.21
HumidiProbe_8,2024-12-01T14:06:28.461881,44.53
HumidiProbe_10,2024-12-01T14:06:28.461885,59.77
HumidiProbe_10,2024-12-01T14:06:28.461889,34.86
HumidiProbe_2,2024-12-01T14:06:28.461893,46.39
HumidiProbe_10,2024-12-01T14:06:28.461896,48.48
HumidiProbe_7,2024-12-01T14:06:28.461900,45.6
HumidiProbe_10,2024-12-01T14:06:28.461904,37.05
HumidiProbe_6,2024-12-01T14:06:28.461908,36.59
HumidiProbe_6,2024-12-01T14:06:28.461912,42.46
HumidiProbe_1,2024-12-01T14:06:28.461916,36.03
HumidiProbe_5,2024-12-01T14:06:28.461920,69.65
HumidiProbe_1,2024-12-01T14:06:28.461924,47.46
HumidiProbe_9,2024-12-01T14:06:28.461929,50.34
HumidiProbe_6,2024-12-01T14:06:28.461933,68.36
HumidiProbe_3,2024-12-01T14:06:28.461937,47.22
HumidiProbe_7,2024-12-01T14:06:28.461940,66.92
HumidiProbe_5,2024-12-01T14:06:28.461945,42.54
HumidiProbe_1,2024-12-01T14:06:28.461949,30.88
HumidiProbe_4,2024-12-01T14:06:28.461953,39.21
HumidiProbe_2,2024-12-01T14:06:28.461957,53.81
HumidiProbe_1,2024-12-01T14:06:28.461961,58.72
HumidiProbe_8,2024-12-01T14:06:28.461965,69.29
HumidiProbe_9,2024-12-01T14:06:28.461969,56.41
HumidiProbe_5,2024-12-01T14:06:28.461973,42.78
HumidiProbe_8,2024-12-01T14:06:28.461976,57.91
HumidiProbe_6,2024-12-01T14:06:28.461980,32.32
HumidiProbe_5,2024-12-01T14:06:28.461984,45.58
HumidiProbe_3,2024-12-01T14:06:28.461988,34.78
HumidiProbe_10,2024-12-01T14:06:28.461991,36.07
HumidiProbe_1,2024-12-01T14:06:28.461995,54.49
HumidiProbe_5,2024-12-01T14:06:28.461999,34.81
HumidiProbe_8,2024-12-01T14:06:28.462003,42.99
HumidiProbe_4,2024-12-01T14:06:28.462007,55.33
HumidiProbe_8,2024-12-01T14:06:28.462011,46.06
HumidiProbe_5,2024-12-01T14:06:28.462014,55.51
HumidiProbe_7,2024-12-01T14:06:28.462018,30.59
HumidiProbe_7,2024-12-01T14:06:28.462022,50.11
HumidiProbe_10,2024-12-01T14:06:28.462026,43.47
HumidiProbe_4,2024-12-01T14:06:28.462030,54.97
HumidiProbe_7,2024-12-01T14:06:28.462034,41.99
HumidiProbe_9,2024-12-01T14:06:28.462038,38.27
HumidiProbe_1,2024-12-01T14:06:28.462042,53.56
HumidiProbe_8,2024-12-01T14:06:28.462045,48.11
HumidiProbe_10,2024-12-01T14:06:28.462049,65.08
HumidiProbe_4,2024-12-01T14:06:28.462053,49.31
HumidiProbe_6,2024-12-01T14:06:28.462057,55.29
HumidiProbe_6,2024-12-01T14:06:28.462061,60.65
HumidiProbe_1,2024-12-01T14:06:28.462065,31.32
HumidiProbe_10,2024-12-01T14:06:28.462069,42.16
HumidiProbe_7,2024-12-01T14:06:28.462073,36.74
HumidiProbe_5,2024-12-01T14:06:28.462077,46.26
HumidiProbe_10,2024-12-01T14:06:28.462080,32.43
HumidiProbe_3,2024-12-01T14:06:28.462084,65.31
HumidiProbe_5,2024-12-01T14:06:28.462089,58.65
HumidiProbe_10,2024-12-01T14:06:28.462094,46.41
HumidiProbe_5,2024-12-01T14:06:28.462098,62.11
HumidiProbe_1,2024-12-01T14:06:28.462101,57.13
HumidiProbe_3,2024-12-01T14:06:28.462105,38.65
HumidiProbe_9,2024-12-01T14:06:28.462109,58.86
HumidiProbe_7,2024-12-01T14:06:28.462113,48.11
HumidiProbe_2,2024-12-01T14:06:28.462117,50.56
HumidiProbe_7,2024-12-01T14:06:28.462120,61.99
HumidiProbe_2,2024-12-01T14:06:28.462124,67.16
HumidiProbe_7,2024-12-01T14:06:28.462128,68.37
HumidiProbe_8,2024-12-01T14:06:28.462132,45.37
HumidiProbe_9,2024-12-01T14:06:28.462135,43.16
HumidiProbe_5,2024-12-01T14:06:28.462139,30.79
HumidiProbe_10,2024-12-01T14:06:28.462143,40.58
HumidiProbe_5,2024-12-01T14:06:28.462147,63.72
HumidiProbe_1,2024-12-01T14:06:28.462151,43.69
HumidiProbe_10,2024-12-01T14:06:28.462155,40.51
HumidiProbe_6,2024-12-01T14:06:28.462159,55.49
HumidiProbe_3,2024-12-01T14:06:28.462163,35.2
HumidiProbe_9,2024-12-01T14:06:28.462167,57.51
HumidiProbe_4,2024-12-01T14:06:28.462170,31.17
HumidiProbe_6,2024-12-01T14:06:28.462174,47.75
HumidiProbe_4,2024-12-01T14:06:28.462178,31.56
HumidiProbe_8,2024-12-01T14:06:28.462182,67.83
HumidiProbe_9,2024-12-01T14:06:28.462185,35.76
HumidiProbe_2,2024-12-01T14:06:28.462189,52.09
HumidiProbe_10,2024-12-01T14:06:28.462193,43.16
HumidiProbe_3,2024-12-01T14:06:28.462197,52.23
HumidiProbe_4,2024-12-01T14:06:28.462201,41.78
HumidiProbe_7,2024-12-01T14:06:28.462205,30.88
HumidiProbe_1,2024-12-01T14:06:28.462209,46.66
HumidiProbe_10,2024-12-01T14:06:28.462212,67.41
HumidiProbe_2,2024-12-01T14:06:28.462216,58.04
HumidiProbe_10,2024-12-01T14:06:28.462220,40.99
HumidiProbe_1,2024-12-01T14:06:28.462224,47.35
HumidiProbe_5,2024-12-01T14:06:28.462228,33.48
HumidiProbe_8,2024-12-01T14:06:28.462232,38.35
HumidiProbe_8,2024-12-01T14:06:28.462235,60.83
HumidiProbe_10,2024-12-01T14:06:28.462239,67.57
HumidiProbe_9,2024-12-01T14:06:28.462243,35.34
HumidiProbe_3,2024-12-01T14:06:28.462247,69.4
HumidiProbe_6,2024-12-01T14:06:28.462252,43.39
HumidiProbe_5,2024-12-01T14:06:28.462255,47.42
HumidiProbe_9,2024-12-01T14:06:28.462259,30.46
HumidiProbe_1,2024-12-01T14:06:28.462263,45.47
HumidiProbe_5,2024-12-01T14:06:28.462267,40.93
HumidiProbe_8,2024-12-01T14:06:28.462270,62.67
HumidiProbe_4,2024-12-01T14:06:28.462274,46.68
HumidiProbe_6,2024-12-01T14:06:28.462278,51.68
HumidiProbe_4,2024-12-01T14:06:28.462282,60.62
HumidiProbe_1,2024-12-01T14:06:28.462286,50.86
HumidiProbe_4,2024-12-01T14:06:28.462290,61.45
HumidiProbe_4,2024-12-01T14:06:28.462294,58.38
HumidiProbe_6,2024-12-01T14:06:28.462298,40.56
HumidiProbe_3,2024-12-01T14:06:28.462302,56.4
HumidiProbe_8,2024-12-01T14:06:28.462315,59.28
HumidiProbe_9,2024-12-01T14:06:28.462319,68.9
HumidiProbe_4,2024-12-01T14:06:28.462323,63.66
HumidiProbe_5,2024-12-01T14:06:28.462326,63.02
HumidiProbe_2,2024-12-01T14:06:28.462330,34.16
HumidiProbe_6,2024-12-01T14:06:28.462334,43.63
HumidiProbe_1,2024-12-01T14:06:28.462338,38.4
HumidiProbe_4,2024-12-01T14:06:28.462342,37.61
HumidiProbe_2,2024-12-01T14:06:28.462346,67.11
HumidiProbe_10,2024-12-01T14:06:28.462350,33.02
HumidiProbe_8,2024-12-01T14:06:28.462354,32.89
HumidiProbe_1,2024-12-01T14:06:28.462358,33.01
HumidiProbe_9,2024-12-01T14:06:28.462361,68.18
HumidiProbe_10,2024-12-01T14:06:28.462365,33.79
HumidiProbe_9,2024-12-01T14:06:28.462369,37.86
HumidiProbe_1,2024-12-01T14:06:28.462373,62.01
HumidiProbe_8,2024-12-01T14:06:28.462376,37.64
HumidiProbe_8,2024-12-01T14:06:28.462380,34.08
HumidiProbe_10,2024-12-01T14:06:28.462384,48.69
HumidiProbe_6,2024-12-01T14:06:28.462388,66.58
HumidiProbe_8,2024-12-01T14:06:28.462392,46.21
HumidiProbe_6,2024-12-01T14:06:28.462395,44.25
HumidiProbe_1,2024-12-01T14:06:28.462400,52.45
HumidiProbe_1,2024-12-01T14:06:28.462403,31.23
HumidiProbe_5,2024-12-01T14:06:28.462407,58.55
HumidiProbe_9,2024-12-01T14:06:28.462411,35.62
HumidiProbe_8,2024-12-01T14:06:28.462415,67.67
HumidiProbe_2,2024-12-01T14:06:28.462419,58.6
HumidiProbe_9,2024-12-01T14:06:28.462424,34.25
HumidiProbe_10,2024-12-01T14:06:28.462428,44.99
HumidiProbe_1,2024-12-01T14:06:28.462432,42.31
HumidiProbe_3,2024-12-01T14:06:28.462435,44.76
HumidiProbe_10,2024-12-01T14:06:28.462439,53.66
HumidiProbe_4,2024-12-01T14:06:28.462443,38.49
HumidiProbe_4,2024-12-01T14:06:28.462447,52.73
HumidiProbe_10,2024-12-01T14:06:28.462450,48.58
HumidiProbe_1,2024-12-01T14:06:28.462454,32.8
HumidiProbe_1,2024-12-01T14:06:28.462458,37.62
HumidiProbe_9,2024-12-01T14:06:28.462462,37.6
HumidiProbe_5,2024-12-01T14:06:28.462466,56.56
HumidiProbe_2,2024-12-01T14:06:28.462470,58.79
HumidiProbe_2,2024-12-01T14:06:28.462473,52.37
HumidiProbe_6,2024-12-01T14:06:28.462477,44.71
HumidiProbe_9,2024-12-01T14:06:28.462481,32.77
HumidiProbe_1,2024-12-01T14:06:28.462485,47.26
HumidiProbe_6,2024-12-01T14:06:28.462489,47.34
HumidiProbe_1,2024-12-01T14:06:28.462493,40.86
HumidiProbe_9,2024-12-01T14:06:28.462497,47.61
HumidiProbe_7,2024-12-01T14:06:28.462501,62.57
HumidiProbe_6,2024-12-01T14:06:28.462504,37.79
HumidiProbe_9,2024-12-01T14:06:28.462508,44.73
HumidiProbe_1,2024-12-01T14:06:28.462512,49.61
HumidiProbe_10,2024-12-01T14:06:28.462516,40.48
HumidiProbe_8,2024-12-01T14:06:28.462520,48.84
HumidiProbe_2,2024-12-01T14:06:28.462523,34.48
HumidiProbe_1,2024-12-01T14:06:28.462527,40.22
HumidiProbe_10,2024-12-01T14:06:28.462531,46.92
HumidiProbe_4,2024-12-01T14:06:28.462535,66.15
HumidiProbe_9,2024-12-01T14:06:28.462538,62.8
HumidiProbe_6,2024-12-01T14:06:28.462542,43.25
HumidiProbe_9,2024-12-01T14:06:28.462546,59.31
HumidiProbe_6,2024-12-01T14:06:28.462550,62.93
HumidiProbe_5,2024-12-01T14:06:28.462554,54.26
HumidiProbe_10,2024-12-01T14:06:28.462558,47.14
HumidiProbe_7,2024-12-01T14:06:28.462561,42.47
HumidiProbe_8,2024-12-01T14:06:28.462565,45.29
HumidiProbe_3,2024-12-01T14:06:28.462569,39.65
HumidiProbe_3,2024-12-01T14:06:28.462573,45.22
HumidiProbe_8,2024-12-01T14:06:28.462577,67.39
HumidiProbe_7,2024-12-01T14:06:28.462580,55.74
HumidiProbe_4,2024-12-01T14:06:28.462584,65.04
HumidiProbe_6,2024-12-01T14:06:28.462588,39.72
HumidiProbe_9,2024-12-01T14:06:28.462592,33.31
HumidiProbe_6,2024-12-01T14:06:28.462595,36.34
HumidiProbe_1,2024-12-01T14:06:28.462599,40.05
HumidiProbe_9,2024-12-01T14:06:28.462603,53.82
HumidiProbe_2,2024-12-01T14:06:28.462607,47.66
HumidiProbe_7,2024-12-01T14:06:28.462616,53.58
HumidiProbe_10,2024-12-01T14:06:28.462620,40.24
HumidiProbe_1,2024-12-01T14:06:28.462624,65.62
HumidiProbe_4,2024-12-01T14:06:28.462628,43.72
HumidiProbe_1,2024-12-01T14:06:28.462632,58.45
HumidiProbe_9,2024-12-01T14:06:28.462635,63.7
HumidiProbe_2,2024-12-01T14:06:28.462639,52.47
HumidiProbe_9,2024-12-01T14:06:28.462643,45.82
HumidiProbe_3,2024-12-01T14:06:28.462647,36.51
HumidiProbe_9,2024-12-01T14:06:28.462651,31.39
HumidiProbe_10,2024-12-01T14:06:28.462655,65.52
HumidiProbe_3,2024-12-01T14:06:28.462658,39.41
HumidiProbe_4,2024-12-01T14:06:28.462662,47.39
HumidiProbe_6,2024-12-01T14:06:28.462666,55.68
HumidiProbe_2,2024-12-01T14:06:28.462670,56.8
HumidiProbe_9,2024-12-01T14:06:28.462674,64.26
HumidiProbe_1,2024-12-01T14:06:28.462678,46.79
HumidiProbe_3,2024-12-01T14:06:28.462681,41.55
HumidiProbe_2,2024-12-01T14:06:28.462685,33.47
HumidiProbe_9,2024-12-01T14:06:28.462689,40.84
HumidiProbe_2,2024-12-01T14:06:28.462694,63.37
HumidiProbe_5,2024-12-01T14:06:28.462697,55.78
HumidiProbe_1,2024-12-01T14:06:28.462701,46.02
HumidiProbe_9,2024-12-01T14:06:28.462705,45.98
HumidiProbe_6,2024-12-01T14:06:28.462709,33.93
HumidiProbe_2,2024-12-01T14:06:28.462712,68.39
HumidiProbe_9,2024-12-01T14:06:28.462716,56.32
HumidiProbe_7,2024-12-01T14:06:28.462720,58.04
HumidiProbe_5,2024-12-01T14:06:28.462724,44.01
HumidiProbe_10,2024-12-01T14:06:28.462727,53.9
HumidiProbe_2,2024-12-01T14:06:28.462731,43.01
HumidiProbe_9,2024-12-01T14:06:28.462735,68.46
HumidiProbe_9,2024-12-01T14:06:28.462739,38.14
HumidiProbe_7,2024-12-01T14:06:28.462742,52.56
HumidiProbe_6,2024-12-01T14:06:28.462746,54.79
HumidiProbe_8,2024-12-01T14:06:28.462750,58.79
HumidiProbe_1,2024-12-01T14:06:28.462754,57.93
HumidiProbe_8,2024-12-01T14:06:28.462758,39.53
HumidiProbe_1,2024-12-01T14:06:28.462761,66.89
HumidiProbe_6,2024-12-01T14:06:28.462765,34.42
HumidiProbe_2,2024-12-01T14:06:28.462769,62.02
HumidiProbe_7,2024-12-01T14:06:28.462773,68.29
HumidiProbe_5,2024-12-01T14:06:28.462777,58.09
HumidiProbe_8,2024-12-01T14:06:28.462781,54.14
HumidiProbe_6,2024-12-01T14:06:28.462785,36.26
HumidiProbe_8,2024-12-01T14:06:28.462789,33.35
HumidiProbe_9,2024-12-01T14:06:28.462793,38.63
HumidiProbe_10,2024-12-01T14:06:28.462797,46.38
HumidiProbe_8,2024-12-01T14:06:28.462801,59.91
HumidiProbe_10,2024-12-01T14:06:28.462805,37.15
HumidiProbe_7,2024-12-01T14:06:28.462808,62.38
HumidiProbe_3,2024-12-01T14:06:28.462812,42.98
HumidiProbe_1,2024-12-01T14:06:28.462816,52.84
HumidiProbe_9,2024-12-01T14:06:28.462820,47.79
HumidiProbe_1,2024-12-01T14:06:28.462823,37.44
HumidiProbe_10,2024-12-01T14:06:28.462827,57.29
HumidiProbe_3,2024-12-01T14:06:28.462831,53.64
HumidiProbe_7,2024-12-01T14:06:28.462835,31.44
HumidiProbe_2,2024-12-01T14:06:28.462839,38.97
HumidiProbe_5,2024-12-01T14:06:28.462842,50.21
HumidiProbe_10,2024-12-01T14:06:28.462846,51.56
HumidiProbe_9,2024-12-01T14:06:28.462850,45.66
HumidiProbe_8,2024-12-01T14:06:28.462854,38.67
HumidiProbe_4,2024-12-01T14:06:28.462858,42.77
HumidiProbe_3,2024-12-01T14:06:28.462862,57.39
HumidiProbe_3,2024-12-01T14:06:28.462866,68.35
HumidiProbe_9,2024-12-01T14:06:28.462870,63.87
HumidiProbe_3,2024-12-01T14:06:28.462874,51.66
HumidiProbe_8,2024-12-01T14:06:28.462878,67.11
HumidiProbe_9,2024-12-01T14:06:28.462881,51.68
HumidiProbe_1,2024-12-01T14:06:28.462885,56.61
HumidiProbe_8,2024-12-01T14:06:28.462890,57.31
HumidiProbe_3,2024-12-01T14:06:28.462894,57.5
HumidiProbe_8,2024-12-01T14:06:28.462898,31.12
HumidiProbe_6,2024-12-01T14:06:28.462902,61.73
HumidiProbe_5,2024-12-01T14:06:28.462905,39.83
HumidiProbe_1,2024-12-01T14:06:28.462909,66.06
HumidiProbe_10,2024-12-01T14:06:28.462913,30.92
HumidiProbe_10,2024-12-01T14:06:28.462917,30.08
HumidiProbe_8,2024-12-01T14:06:28.462921,61.18
HumidiProbe_6,2024-12-01T14:06:28.462925,59.18
HumidiProbe_7,2024-12-01T14:06:28.462929,66.88
HumidiProbe_10,2024-12-01T14:06:28.462933,62.41
HumidiProbe_6,2024-12-01T14:06:28.462937,51.05
HumidiProbe_9,2024-12-01T14:06:28.462941,43.49
HumidiProbe_1,2024-12-01T14:06:28.462945,59.82
HumidiProbe_5,2024-12-01T14:06:28.462949,52.69
HumidiProbe_6,2024-12-01T14:06:28.462952,42.22
HumidiProbe_4,2024-12-01T14:06:28.462956,43.9
HumidiProbe_7,2024-12-01T14:06:28.462960,55.88
HumidiProbe_8,2024-12-01T14:06:28.462964,62.24
HumidiProbe_7,2024-12-01T14:06:28.462968,37.23
HumidiProbe_1,2024-12-01T14:06:28.462971,42.39
HumidiProbe_1,2024-12-01T14:06:28.462975,41.43
HumidiProbe_9,2024-12-01T14:06:28.462979,48.36
HumidiProbe_2,2024-12-01T14:06:28.462983,64.6
HumidiProbe_7,2024-12-01T14:06:28.462987,60.98
HumidiProbe_9,2024-12-01T14:06:28.462990,50.91
HumidiProbe_2,2024-12-01T14:06:28.462994,44.47
HumidiProbe_2,2024-12-01T14:06:28.462998,47.15
HumidiProbe_6,2024-12-01T14:06:28.463002,51.37
HumidiProbe_4,2024-12-01T14:06:28.463006,58.43
HumidiProbe_2,2024-12-01T14:06:28.463010,38.3
HumidiProbe_5,2024-12-01T14:06:28.463013,37.38
HumidiProbe_1,2024-12-01T14:06:28.463017,55.42
HumidiProbe_7,2024-12-01T14:06:28.463021,69.33
HumidiProbe_7,2024-12-01T14:06:28.463025,32.05
HumidiProbe_6,2024-12-01T14:06:28.463028,58.86
HumidiProbe_7,2024-12-01T14:06:28.463032,63.67
HumidiProbe_4,2024-12-01T14:06:28.463036,62.73
HumidiProbe_1,2024-12-01T14:06:28.463040,61.78
HumidiProbe_9,2024-12-01T14:06:28.463044,68.16
HumidiProbe_7,2024-12-01T14:06:28.463048,57.97
HumidiProbe_3,2024-12-01T14:06:28.463052,34.45
HumidiProbe_10,2024-12-01T14:06:28.463055,39.45
HumidiProbe_4,2024-12-01T14:06:28.463059,40.74
HumidiProbe_4,2024-12-01T14:06:28.463063,61.34
HumidiProbe_3,2024-12-01T14:06:28.463067,50.56
HumidiProbe_4,2024-12-01T14:06:28.463071,57.26
HumidiProbe_2,2024-12-01T14:06:28.463075,38.43
HumidiProbe_1,2024-12-01T14:06:28.463079,57.62
HumidiProbe_6,2024-12-01T14:06:28.463083,49.27
HumidiProbe_7,2024-12-01T14:06:28.463087,57.8
HumidiProbe_3,2024-12-01T14:06:28.463090,47.11
HumidiProbe_6,2024-12-01T14:06:28.463094,35.6
HumidiProbe_7,2024-12-01T14:06:28.463098,37.52
HumidiProbe_2,2024-12-01T14:06:28.463102,48.91
HumidiProbe_3,2024-12-01T14:06:28.463106,57.48
HumidiProbe_8,2024-12-01T14:06:28.463110,35.67
HumidiProbe_3,2024-12-01T14:06:28.463114,61.55
HumidiProbe_3,2024-12-01T14:06:28.463117,46.44
HumidiProbe_9,2024-12-01T14:06:28.463121,38.74
HumidiProbe_4,2024-12-01T14:06:28.463125,40.85
HumidiProbe_3,2024-12-01T14:06:28.463129,31.33
HumidiProbe_8,2024-12-01T14:06:28.463133,40.79
HumidiProbe_2,2024-12-01T14:06:28.463137,48.81
HumidiProbe_7,2024-12-01T14:06:28.463141,46.21
HumidiProbe_5,2024-12-01T14:06:28.463145,35.68
HumidiProbe_5,2024-12-01T14:06:28.463149,62.91
HumidiProbe_10,2024-12-01T14:06:28.463153,46.27
HumidiProbe_1,2024-12-01T14:06:28.463157,65.22
HumidiProbe_8,2024-12-01T14:06:28.463160,36.9
HumidiProbe_1,2024-12-01T14:06:28.463165,68.8
HumidiProbe_6,2024-12-01T14:06:28.463169,41.89
HumidiProbe_9,2024-12-01T14:06:28.463172,37.74
HumidiProbe_5,2024-12-01T14:06:28.463176,30.1
HumidiProbe_7,2024-12-01T14:06:28.463180,45.66
HumidiProbe_9,2024-12-01T14:06:28.463184,38.73
HumidiProbe_4,2024-12-01T14:06:28.463188,33.22
HumidiProbe_4,2024-12-01T14:06:28.463191,66.73
HumidiProbe_3,2024-12-01T14:06:28.463195,45.97
HumidiProbe_4,2024-12-01T14:06:28.463199,46.92
HumidiProbe_1,2024-12-01T14:06:28.463203,68.68
HumidiProbe_2,2024-12-01T14:06:28.463207,67.37
HumidiProbe_3,2024-12-01T14:06:28.463210,41.61
HumidiProbe_4,2024-12-01T14:06:28.463214,52.12
HumidiProbe_8,2024-12-01T14:06:28.463218,66.86
HumidiProbe_9,2024-12-01T14:06:28.463222,55.82
HumidiProbe_10,2024-12-01T14:06:28.463226,42.55
HumidiProbe_9,2024-12-01T14:06:28.463229,68.58
HumidiProbe_6,2024-12-01T14:06:28.463233,65.21
HumidiProbe_7,2024-12-01T14:06:28.463237,63.24
HumidiProbe_3,2024-12-01T14:06:28.463241,57.34
HumidiProbe_7,2024-12-01T14:06:28.463245,38.06
HumidiProbe_5,2024-12-01T14:06:28.463249,45.31
HumidiProbe_5,2024-12-01T14:06:28.463253,55.98
HumidiProbe_9,2024-12-01T14:06:28.463256,66.71
HumidiProbe_1,2024-12-01T14:06:28.463260,49.93
HumidiProbe_8,2024-12-01T14:06:28.463264,63.35
HumidiProbe_4,2024-12-01T14:06:28.463268,37.8
HumidiProbe_1,2024-12-01T14:06:28.463272,40.85
HumidiProbe_8,2024-12-01T14:06:28.463275,64.35
HumidiProbe_4,2024-12-01T14:06:28.463292,39.41
HumidiProbe_5,2024-12-01T14:06:28.463296,41.83
HumidiProbe_10,2024-12-01T14:06:28.463301,37.22
HumidiProbe_8,2024-12-01T14:06:28.463313,48.24
HumidiProbe_8,2024-12-01T14:06:28.463317,60.87
HumidiProbe_2,2024-12-01T14:06:28.463321,43.22
HumidiProbe_9,2024-12-01T14:06:28.463325,41.48
HumidiProbe_8,2024-12-01T14:06:28.463329,55.4
HumidiProbe_1,2024-12-01T14:06:28.463333,58.04
HumidiProbe_7,2024-12-01T14:06:28.463339,46.02
HumidiProbe_1,2024-12-01T14:06:28.463343,47.46
HumidiProbe_10,2024-12-01T14:06:28.463347,39.71
HumidiProbe_5,2024-12-01T14:06:28.463351,40.08
HumidiProbe_9,2024-12-01T14:06:28.463355,30.82
HumidiProbe_3,2024-12-01T14:06:28.463359,40.73
HumidiProbe_8,2024-12-01T14:06:28.463362,64.74
HumidiProbe_7,2024-12-01T14:06:28.463366,67.97
HumidiProbe_10,2024-12-01T14:06:28.463370,48.07
HumidiProbe_4,2024-12-01T14:06:28.463374,37.39
HumidiProbe_4,2024-12-01T14:06:28.463378,53.26
HumidiProbe_7,2024-12-01T14:06:28.463381,54.74
HumidiProbe_10,2024-12-01T14:06:28.463385,67.41
HumidiProbe_3,2024-12-01T14:06:28.463389,67.01
HumidiProbe_6,2024-12-01T14:06:28.463393,37.04
HumidiProbe_8,2024-12-01T14:06:28.463396,44.02
HumidiProbe_8,2024-12-01T14:06:28.463400,39.82
HumidiProbe_7,2024-12-01T14:06:28.463404,47.71
HumidiProbe_1,2024-12-01T14:06:28.463408,69.67
HumidiProbe_1,2024-12-01T14:06:28.463411,39.7
HumidiProbe_3,2024-12-01T14:06:28.463415,37.83
HumidiProbe_8,2024-12-01T14:06:28.463419,54.11
HumidiProbe_5,2024-12-01T14:06:28.463423,66.32
HumidiProbe_9,2024-12-01T14:06:28.463427,38.23
HumidiProbe_3,2024-12-01T14:06:28.463430,61.92
HumidiProbe_6,2024-12-01T14:06:28.463435,49.33
HumidiProbe_10,2024-12-01T14:06:28.463439,50.06
HumidiProbe_4,2024-12-01T14:06:28.463443,34.65
HumidiProbe_10,2024-12-01T14:06:28.463446,38.63
HumidiProbe_3,2024-12-01T14:06:28.463450,60.81
HumidiProbe_1,2024-12-01T14:06:28.463454,61.95
HumidiProbe_8,2024-12-01T14:06:28.463458,33.07
HumidiProbe_2,2024-12-01T14:06:28.463462,67.61
HumidiProbe_10,2024-12-01T14:06:28.463465,52.01
HumidiProbe_1,2024-12-01T14:06:28.463469,30.93
HumidiProbe_7,2024-12-01T14:06:28.463473,36.6
HumidiProbe_5,2024-12-01T14:06:28.463477,64.12
HumidiProbe_6,2024-12-01T14:06:28.463481,33.93
HumidiProbe_5,2024-12-01T14:06:28.463485,43.58
HumidiProbe_6,2024-12-01T14:06:28.463488,57.98
HumidiProbe_3,2024-12-01T14:06:28.463492,41.5
HumidiProbe_10,2024-12-01T14:06:28.463496,35.94
HumidiProbe_4,2024-12-01T14:06:28.463500,62.77
HumidiProbe_5,2024-12-01T14:06:28.463504,59.08
HumidiProbe_1,2024-12-01T14:06:28.463508,41.96
HumidiProbe_3,2024-12-01T14:06:28.463512,56.2
HumidiProbe_8,2024-12-01T14:06:28.463516,32.4
HumidiProbe_8,2024-12-01T14:06:28.463520,49.14
HumidiProbe_2,2024-12-01T14:06:28.463524,42.6
HumidiProbe_7,2024-12-01T14:06:28.463528,38.94
HumidiProbe_7,2024-12-01T14:06:28.463532,37.19
HumidiProbe_5,2024-12-01T14:06:28.463536,36.58
HumidiProbe_3,2024-12-01T14:06:28.463539,55.9
HumidiProbe_7,2024-12-01T14:06:28.463543,37.2
HumidiProbe_5,2024-12-01T14:06:28.463547,54.52
HumidiProbe_9,2024-12-01T14:06:28.463551,30.44
HumidiProbe_5,2024-12-01T14:06:28.463555,58.23
HumidiProbe_9,2024-12-01T14:06:28.463559,62.88
HumidiProbe_1,2024-12-01T14:06:28.463563,32.07
HumidiProbe_7,2024-12-01T14:06:28.463567,50.37
HumidiProbe_5,2024-12-01T14:06:28.463571,50.77
HumidiProbe_7,2024-12-01T14:06:28.463575,49.43
HumidiProbe_2,2024-12-01T14:06:28.463579,63.31
HumidiProbe_1,2024-12-01T14:06:28.463582,65.3
HumidiProbe_2,2024-12-01T14:06:28.463586,40.66
HumidiProbe_5,2024-12-01T14:06:28.463590,56.4
HumidiProbe_5,2024-12-01T14:06:28.463594,31.47
HumidiProbe_4,2024-12-01T14:06:28.463598,33.27
HumidiProbe_2,2024-12-01T14:06:28.463602,62.66
HumidiProbe_7,2024-12-01T14:06:28.463606,35.93
HumidiProbe_3,2024-12-01T14:06:28.463613,67.5
HumidiProbe_1,2024-12-01T14:06:28.463617,31.14
HumidiProbe_1,2024-12-01T14:06:28.463621,32.86
HumidiProbe_1,2024-12-01T14:06:28.463625,30.84
HumidiProbe_5,2024-12-01T14:06:28.463629,50.46
HumidiProbe_8,2024-12-01T14:06:28.463633,68.1
HumidiProbe_9,2024-12-01T14:06:28.463636,57.42
HumidiProbe_3,2024-12-01T14:06:28.463640,39.71
HumidiProbe_7,2024-12-01T14:06:28.463644,49.6
HumidiProbe_9,2024-12-01T14:06:28.463648,53.82
HumidiProbe_9,2024-12-01T14:06:28.463657,51.71
HumidiProbe_3,2024-12-01T14:06:28.463664,44.17
HumidiProbe_4,2024-12-01T14:06:28.463669,40.01
HumidiProbe_5,2024-12-01T14:06:28.463675,46.45
HumidiProbe_2,2024-12-01T14:06:28.463682,44.03
HumidiProbe_9,2024-12-01T14:06:28.463689,31.26
HumidiProbe_5,2024-12-01T14:06:28.463695,43.33
HumidiProbe_2,2024-12-01T14:06:28.463699,44.59
HumidiProbe_1,2024-12-01T14:06:28.463703,37.63
HumidiProbe_3,2024-12-01T14:06:28.463707,37.42
HumidiProbe_5,2024-12-01T14:06:28.463711,58.17
HumidiProbe_1,2024-12-01T14:06:28.463715,56.03
HumidiProbe_7,2024-12-01T14:06:28.463719,46.02
HumidiProbe_2,2024-12-01T14:06:28.463723,57.54
HumidiProbe_1,2024-12-01T14:06:28.463728,56.06
HumidiProbe_9,2024-12-01T14:06:28.463732,39.38
HumidiProbe_5,2024-12-01T14:06:28.463736,49.88
HumidiProbe_6,2024-12-01T14:06:28.463739,32.28
HumidiProbe_4,2024-12-01T14:06:28.463743,40.69
HumidiProbe_10,2024-12-01T14:06:28.463747,44.95
HumidiProbe_3,2024-12-01T14:06:28.463751,68.3
HumidiProbe_10,2024-12-01T14:06:28.463755,69.31
HumidiProbe_8,2024-12-01T14:06:28.463759,51.56
HumidiProbe_5,2024-12-01T14:06:28.463763,68.41
HumidiProbe_3,2024-12-01T14:06:28.463767,40.7
HumidiProbe_2,2024-12-01T14:06:28.463770,50.12
HumidiProbe_8,2024-12-01T14:06:28.463774,60.41
HumidiProbe_1,2024-12-01T14:06:28.463778,33.14
HumidiProbe_5,2024-12-01T14:06:28.463782,41.45
HumidiProbe_10,2024-12-01T14:06:28.463785,33.4
HumidiProbe_10,2024-12-01T14:06:28.463789,59.8
HumidiProbe_7,2024-12-01T14:06:28.463793,39.19
HumidiProbe_7,2024-12-01T14:06:28.463797,31.23
HumidiProbe_8,2024-12-01T14:06:28.463801,59.59
HumidiProbe_8,2024-12-01T14:06:28.463804,49.02
HumidiProbe_10,2024-12-01T14:06:28.463808,65.48
HumidiProbe_10,2024-12-01T14:06:28.463812,33.66
HumidiProbe_9,2024-12-01T14:06:28.463816,54.28
HumidiProbe_2,2024-12-01T14:06:28.463820,59.7
HumidiProbe_4,2024-12-01T14:06:28.463824,63.11
HumidiProbe_7,2024-12-01T14:06:28.463828,67.27
HumidiProbe_9,2024-12-01T14:06:28.463832,46.71
HumidiProbe_5,2024-12-01T14:06:28.463836,60.47
HumidiProbe_3,2024-12-01T14:06:28.463840,57.03
HumidiProbe_1,2024-12-01T14:06:28.463844,34.14
HumidiProbe_5,2024-12-01T14:06:28.463848,35.0
HumidiProbe_10,2024-12-01T14:06:28.463852,42.27
HumidiProbe_4,2024-12-01T14:06:28.463856,53.93
HumidiProbe_3,2024-12-01T14:06:28.463859,35.4
HumidiProbe_3,2024-12-01T14:06:28.463863,42.47
HumidiProbe_3,2024-12-01T14:06:28.463867,57.15
HumidiProbe_8,2024-12-01T14:06:28.463871,68.45
HumidiProbe_10,2024-12-01T14:06:28.463874,44.97
HumidiProbe_2,2024-12-01T14:06:28.463878,31.74
HumidiProbe_3,2024-12-01T14:06:28.463882,61.84
HumidiProbe_3,2024-12-01T14:06:28.463886,34.38
HumidiProbe_2,2024-12-01T14:06:28.463889,69.67
HumidiProbe_4,2024-12-01T14:06:28.463893,37.89
HumidiProbe_3,2024-12-01T14:06:28.463898,35.86
HumidiProbe_2,2024-12-01T14:06:28.463902,33.13
HumidiProbe_7,2024-12-01T14:06:28.463906,35.25
HumidiProbe_9,2024-12-01T14:06:28.463909,37.97
HumidiProbe_2,2024-12-01T14:06:28.463913,31.47
HumidiProbe_2,2024-12-01T14:06:28.463917,35.46
HumidiProbe_3,2024-12-01T14:06:28.463921,61.9
HumidiProbe_4,2024-12-01T14:06:28.463925,43.39
HumidiProbe_7,2024-12-01T14:06:28.463929,46.25
HumidiProbe_7,2024-12-01T14:06:28.463933,35.32
HumidiProbe_1,2024-12-01T14:06:28.463936,51.24
HumidiProbe_3,2024-12-01T14:06:28.463940,44.85
HumidiProbe_10,2024-12-01T14:06:28.463944,56.08
HumidiProbe_2,2024-12-01T14:06:28.463948,39.48
HumidiProbe_5,2024-12-01T14:06:28.463952,32.04
HumidiProbe_7,2024-12-01T14:06:28.463956,42.13
HumidiProbe_9,2024-12-01T14:06:28.463960,35.76
HumidiProbe_5,2024-12-01T14:06:28.463965,36.2
HumidiProbe_1,2024-12-01T14:06:28.463969,35.0
HumidiProbe_8,2024-12-01T14:06:28.463973,65.59
HumidiProbe_7,2024-12-01T14:06:28.463977,44.09
HumidiProbe_7,2024-12-01T14:06:28.463980,65.3
HumidiProbe_10,2024-12-01T14:06:28.463984,47.95
HumidiProbe_9,2024-12-01T14:06:28.463989,52.12
HumidiProbe_10,2024-12-01T14:06:28.463993,51.47
HumidiProbe_9,2024-12-01T14:06:28.463997,36.79
HumidiProbe_6,2024-12-01T14:06:28.464001,50.04
HumidiProbe_2,2024-12-01T14:06:28.464005,54.33
HumidiProbe_3,2024-12-01T14:06:28.464009,64.43
HumidiProbe_3,2024-12-01T14:06:28.464012,34.94
HumidiProbe_8,2024-12-01T14:06:28.464016,47.23
HumidiProbe_5,2024-12-01T14:06:28.464020,59.03
HumidiProbe_4,2024-12-01T14:06:28.464024,69.67
HumidiProbe_8,2024-12-01T14:06:28.464028,36.04
HumidiProbe_4,2024-12-01T14:06:28.464031,65.55
HumidiProbe_7,2024-12-01T14:06:28.464035,64.23
HumidiProbe_6,2024-12-01T14:06:28.464039,55.63
HumidiProbe_5,2024-12-01T14:06:28.464043,59.46
HumidiProbe_9,2024-12-01T14:06:28.464046,60.85
HumidiProbe_6,2024-12-01T14:06:28.464050,39.35
HumidiProbe_7,2024-12-01T14:06:28.464054,36.06
HumidiProbe_8,2024-12-01T14:06:28.464058,69.64
HumidiProbe_3,2024-12-01T14:06:28.464061,68.5
HumidiProbe_6,2024-12-01T14:06:28.464065,56.36
HumidiProbe_7,2024-12-01T14:06:28.464069,65.89
HumidiProbe_4,2024-12-01T14:06:28.464073,36.69
HumidiProbe_2,2024-12-01T14:06:28.464077,43.23
HumidiProbe_7,2024-12-01T14:06:28.464082,31.57
HumidiProbe_9,2024-12-01T14:06:28.464085,53.81
HumidiProbe_7,2024-12-01T14:06:28.464089,43.62
HumidiProbe_4,2024-12-01T14:06:28.464093,60.85
HumidiProbe_8,2024-12-01T14:06:28.464097,68.61
HumidiProbe_8,2024-12-01T14:06:28.464101,65.61
HumidiProbe_1,2024-12-01T14:06:28.464105,61.8
