device_id,timestamp,temperature,humidity
TempSensor_4,2024-12-01T14:06:28.452286,23.29,42.3
TempSensor_6,2024-12-01T14:06:28.452328,23.12,30.04
TempSensor_4,2024-12-01T14:06:28.452339,21.71,40.09
TempSensor_5,2024-12-01T14:06:28.452349,22.73,41.81
TempSensor_1,2024-12-01T14:06:28.452358,20.37,48.5
TempSensor_3,2024-12-01T14:06:28.452368,26.54,32.26
TempSensor_2,2024-12-01T14:06:28.452377,20.79,59.73
TempSensor_2,2024-12-01T14:06:28.452386,23.97,42.35
TempSensor_5,2024-12-01T14:06:28.452395,28.46,47.85
TempSensor_3,2024-12-01T14:06:28.452405,24.41,40.33
TempSensor_1,2024-12-01T14:06:28.452414,29.89,57.07
TempSensor_2,2024-12-01T14:06:28.452428,23.35,41.59
TempSensor_5,2024-12-01T14:06:28.452437,22.25,56.69
TempSensor_7,2024-12-01T14:06:28.452445,23.81,35.57
TempSensor_9,2024-12-01T14:06:28.452454,26.89,57.65
TempSensor_8,2024-12-01T14:06:28.452463,23.47,33.97
TempSensor_10,2024-12-01T14:06:28.452471,20.3,44.53
TempSensor_10,2024-12-01T14:06:28.452479,29.26,47.9
TempSensor_10,2024-12-01T14:06:28.452488,29.11,37.04
TempSensor_3,2024-12-01T14:06:28.452497,26.38,46.18
TempSensor_10,2024-12-01T14:06:28.452506,27.4,56.94
TempSensor_7,2024-12-01T14:06:28.452515,26.12,41.47
TempSensor_9,2024-12-01T14:06:28.452524,23.76,34.65
TempSensor_10,2024-12-01T14:06:28.452533,22.38,35.88
TempSensor_2,2024-12-01T14:06:28.452542,27.43,45.65
TempSensor_9,2024-12-01T14:06:28.452551,20.41,46.95
TempSensor_7,2024-12-01T14:06:28.452560,29.84,46.05
TempSensor_1,2024-12-01T14:06:28.452569,29.77,55.84
TempSensor_10,2024-12-01T14:06:28.452577,29.24,33.63
TempSensor_7,2024-12-01T14:06:28.452585,20.44,52.96
TempSensor_4,2024-12-01T14:06:28.452594,26.14,31.5
TempSensor_7,2024-12-01T14:06:28.452601,20.07,32.7
TempSensor_1,2024-12-01T14:06:28.452617,27.27,55.5
TempSensor_2,2024-12-01T14:06:28.452627,25.71,31.56
TempSensor_6,2024-12-01T14:06:28.452636,25.84,31.17
TempSensor_3,2024-12-01T14:06:28.452644,21.96,35.34
TempSensor_3,2024-12-01T14:06:28.452653,22.2,39.22
TempSensor_10,2024-12-01T14:06:28.452661,29.97,30.86
TempSensor_8,2024-12-01T14:06:28.452670,21.07,38.07
TempSensor_4,2024-12-01T14:06:28.452678,22.75,33.21
TempSensor_5,2024-12-01T14:06:28.452687,26.53,34.4
TempSensor_7,2024-12-01T14:06:28.452696,26.09,51.99
TempSensor_4,2024-12-01T14:06:28.452704,22.52,33.98
TempSensor_3,2024-12-01T14:06:28.452713,20.81,48.19
TempSensor_6,2024-12-01T14:06:28.452722,24.55,59.56
TempSensor_2,2024-12-01T14:06:28.452731,22.67,59.41
TempSensor_8,2024-12-01T14:06:28.452740,22.62,51.39
TempSensor_9,2024-12-01T14:06:28.452750,22.31,58.89
TempSensor_5,2024-12-01T14:06:28.452759,29.12,50.85
TempSensor_3,2024-12-01T14:06:28.452768,22.96,46.31
TempSensor_10,2024-12-01T14:06:28.452777,29.33,48.39
TempSensor_3,2024-12-01T14:06:28.452786,26.17,52.56
TempSensor_1,2024-12-01T14:06:28.452795,23.05,32.08
TempSensor_5,2024-12-01T14:06:28.452804,27.4,47.78
TempSensor_5,2024-12-01T14:06:28.452813,28.61,40.39
TempSensor_8,2024-12-01T14:06:28.452822,26.28,46.68
TempSensor_9,2024-12-01T14:06:28.452831,21.11,39.02
TempSensor_8,2024-12-01T14:06:28.452840,27.16,45.27
TempSensor_9,2024-12-01T14:06:28.452849,23.45,52.77
TempSensor_7,2024-12-01T14:06:28.452857,29.33,35.68
TempSensor_3,2024-12-01T14:06:28.452866,27.24,42.06
TempSensor_3,2024-12-01T14:06:28.452875,25.03,38.82
TempSensor_10,2024-12-01T14:06:28.452884,24.43,56.89
TempSensor_4,2024-12-01T14:06:28.452894,25.98,34.88
TempSensor_6,2024-12-01T14:06:28.452903,21.03,58.83
TempSensor_8,2024-12-01T14:06:28.452913,21.35,48.91
TempSensor_10,2024-12-01T14:06:28.452923,23.54,37.15
TempSensor_10,2024-12-01T14:06:28.452932,26.86,50.26
TempSensor_4,2024-12-01T14:06:28.452940,21.88,45.43
TempSensor_2,2024-12-01T14:06:28.452949,26.55,58.02
TempSensor_3,2024-12-01T14:06:28.452957,22.8,40.2
TempSensor_4,2024-12-01T14:06:28.452966,26.38,56.1
TempSensor_10,2024-12-01T14:06:28.452974,24.63,43.68
TempSensor_7,2024-12-01T14:06:28.452983,27.01,39.59
TempSensor_8,2024-12-01T14:06:28.452991,29.34,50.37
TempSensor_8,2024-12-01T14:06:28.453000,28.09,36.37
TempSensor_5,2024-12-01T14:06:28.453009,24.74,45.04
TempSensor_6,2024-12-01T14:06:28.453019,23.97,54.9
TempSensor_8,2024-12-01T14:06:28.453027,21.09,59.7
TempSensor_10,2024-12-01T14:06:28.453036,26.22,35.78
TempSensor_1,2024-12-01T14:06:28.453045,25.77,40.78
TempSensor_8,2024-12-01T14:06:28.453054,28.56,56.18
TempSensor_1,2024-12-01T14:06:28.453063,21.0,31.5
TempSensor_5,2024-12-01T14:06:28.453073,23.77,33.78
TempSensor_5,2024-12-01T14:06:28.453081,21.64,37.06
TempSensor_7,2024-12-01T14:06:28.453090,22.14,54.36
TempSensor_2,2024-12-01T14:06:28.453099,28.6,57.65
TempSensor_7,2024-12-01T14:06:28.453107,28.09,34.65
TempSensor_3,2024-12-01T14:06:28.453115,22.29,51.49
TempSensor_8,2024-12-01T14:06:28.453123,27.76,57.43
TempSensor_9,2024-12-01T14:06:28.453132,25.38,34.17
TempSensor_9,2024-12-01T14:06:28.453140,24.96,36.24
TempSensor_8,2024-12-01T14:06:28.453149,21.7,39.58
TempSensor_5,2024-12-01T14:06:28.453158,26.64,30.3
TempSensor_4,2024-12-01T14:06:28.453168,20.9,48.8
TempSensor_6,2024-12-01T14:06:28.453176,25.84,57.42
TempSensor_8,2024-12-01T14:06:28.453185,29.22,30.61
TempSensor_1,2024-12-01T14:06:28.453194,25.89,38.31
TempSensor_6,2024-12-01T14:06:28.453202,22.2,33.66
TempSensor_1,2024-12-01T14:06:28.453211,27.1,31.15
TempSensor_6,2024-12-01T14:06:28.453220,27.04,38.01
TempSensor_6,2024-12-01T14:06:28.453229,27.51,53.59
TempSensor_1,2024-12-01T14:06:28.453238,23.46,41.54
TempSensor_6,2024-12-01T14:06:28.453247,23.63,30.9
TempSensor_2,2024-12-01T14:06:28.453256,21.71,47.52
TempSensor_9,2024-12-01T14:06:28.453265,25.09,34.99
TempSensor_9,2024-12-01T14:06:28.453274,22.52,56.37
TempSensor_9,2024-12-01T14:06:28.453283,22.43,38.49
TempSensor_2,2024-12-01T14:06:28.453291,27.4,37.03
TempSensor_8,2024-12-01T14:06:28.453301,27.32,37.53
TempSensor_9,2024-12-01T14:06:28.453326,28.11,38.14
TempSensor_3,2024-12-01T14:06:28.453334,26.01,33.39
TempSensor_8,2024-12-01T14:06:28.453342,24.15,57.81
TempSensor_5,2024-12-01T14:06:28.453351,29.56,43.2
TempSensor_7,2024-12-01T14:06:28.453360,26.69,34.15
TempSensor_4,2024-12-01T14:06:28.453369,29.84,37.25
TempSensor_2,2024-12-01T14:06:28.453378,29.43,37.38
TempSensor_1,2024-12-01T14:06:28.453387,24.47,32.47
TempSensor_2,2024-12-01T14:06:28.453397,28.2,49.92
TempSensor_3,2024-12-01T14:06:28.453406,27.36,37.94
TempSensor_9,2024-12-01T14:06:28.453416,28.52,42.99
TempSensor_8,2024-12-01T14:06:28.453425,26.07,32.59
TempSensor_1,2024-12-01T14:06:28.453433,28.31,40.08
TempSensor_6,2024-12-01T14:06:28.453442,20.89,34.89
TempSensor_4,2024-12-01T14:06:28.453451,22.08,35.64
TempSensor_3,2024-12-01T14:06:28.453460,23.04,40.9
TempSensor_7,2024-12-01T14:06:28.453469,29.49,30.61
TempSensor_8,2024-12-01T14:06:28.453478,24.31,55.21
TempSensor_7,2024-12-01T14:06:28.453487,20.67,47.79
TempSensor_6,2024-12-01T14:06:28.453496,29.15,46.7
TempSensor_6,2024-12-01T14:06:28.453504,26.02,45.72
TempSensor_5,2024-12-01T14:06:28.453513,25.22,40.19
TempSensor_10,2024-12-01T14:06:28.453522,22.07,40.17
TempSensor_3,2024-12-01T14:06:28.453531,24.53,40.04
TempSensor_2,2024-12-01T14:06:28.453540,27.42,48.98
TempSensor_9,2024-12-01T14:06:28.453548,25.67,52.4
TempSensor_7,2024-12-01T14:06:28.453557,20.11,55.01
TempSensor_7,2024-12-01T14:06:28.453566,26.13,41.29
TempSensor_2,2024-12-01T14:06:28.453575,21.57,40.05
TempSensor_10,2024-12-01T14:06:28.453584,24.29,55.61
TempSensor_7,2024-12-01T14:06:28.453593,26.92,35.34
TempSensor_10,2024-12-01T14:06:28.453602,29.96,54.3
TempSensor_1,2024-12-01T14:06:28.453617,26.45,30.7
TempSensor_2,2024-12-01T14:06:28.453627,28.91,38.39
TempSensor_7,2024-12-01T14:06:28.453636,24.27,39.59
TempSensor_3,2024-12-01T14:06:28.453645,24.39,33.66
TempSensor_8,2024-12-01T14:06:28.453653,21.2,32.73
TempSensor_9,2024-12-01T14:06:28.453662,21.83,57.97
TempSensor_2,2024-12-01T14:06:28.453669,23.46,48.56
TempSensor_10,2024-12-01T14:06:28.453678,26.99,59.16
TempSensor_2,2024-12-01T14:06:28.453687,25.55,31.14
TempSensor_5,2024-12-01T14:06:28.453697,28.31,57.83
TempSensor_10,2024-12-01T14:06:28.453706,23.69,50.03
TempSensor_5,2024-12-01T14:06:28.453715,21.21,54.98
TempSensor_3,2024-12-01T14:06:28.453724,27.83,55.19
TempSensor_8,2024-12-01T14:06:28.453733,29.87,39.47
TempSensor_2,2024-12-01T14:06:28.453741,23.02,54.37
TempSensor_1,2024-12-01T14:06:28.453750,23.89,58.6
TempSensor_4,2024-12-01T14:06:28.453759,25.89,50.73
TempSensor_9,2024-12-01T14:06:28.453768,25.88,37.87
TempSensor_3,2024-12-01T14:06:28.453776,25.81,50.24
TempSensor_10,2024-12-01T14:06:28.453786,28.52,33.55
TempSensor_2,2024-12-01T14:06:28.453794,21.08,31.56
TempSensor_6,2024-12-01T14:06:28.453803,29.22,50.14
TempSensor_4,2024-12-01T14:06:28.453812,28.42,36.53
TempSensor_2,2024-12-01T14:06:28.453821,28.43,30.73
TempSensor_2,2024-12-01T14:06:28.453829,29.89,35.93
TempSensor_5,2024-12-01T14:06:28.453838,20.64,35.73
TempSensor_3,2024-12-01T14:06:28.453846,20.32,55.67
TempSensor_5,2024-12-01T14:06:28.453855,25.39,53.34
TempSensor_1,2024-12-01T14:06:28.453864,24.28,34.6
TempSensor_3,2024-12-01T14:06:28.453872,28.34,52.48
TempSensor_2,2024-12-01T14:06:28.453882,23.21,41.6
TempSensor_5,2024-12-01T14:06:28.453892,21.87,37.64
TempSensor_9,2024-12-01T14:06:28.453901,27.32,35.89
TempSensor_8,2024-12-01T14:06:28.453910,25.36,47.9
TempSensor_7,2024-12-01T14:06:28.453919,23.24,34.2
TempSensor_5,2024-12-01T14:06:28.453928,21.46,54.78
TempSensor_9,2024-12-01T14:06:28.453936,28.94,39.24
TempSensor_1,2024-12-01T14:06:28.453945,25.66,54.54
TempSensor_5,2024-12-01T14:06:28.453953,25.81,43.68
TempSensor_6,2024-12-01T14:06:28.453962,22.24,41.38
TempSensor_1,2024-12-01T14:06:28.453971,22.74,44.33
TempSensor_8,2024-12-01T14:06:28.453980,26.68,37.04
TempSensor_4,2024-12-01T14:06:28.453989,27.86,47.33
TempSensor_4,2024-12-01T14:06:28.453998,20.61,35.17
TempSensor_3,2024-12-01T14:06:28.454007,28.13,58.87
TempSensor_1,2024-12-01T14:06:28.454015,20.99,35.49
TempSensor_4,2024-12-01T14:06:28.454024,23.26,50.19
TempSensor_2,2024-12-01T14:06:28.454033,24.56,45.53
TempSensor_8,2024-12-01T14:06:28.454042,22.78,37.77
TempSensor_5,2024-12-01T14:06:28.454051,28.68,59.8
TempSensor_10,2024-12-01T14:06:28.454059,20.13,39.88
TempSensor_5,2024-12-01T14:06:28.454067,28.99,45.4
TempSensor_7,2024-12-01T14:06:28.454074,24.29,30.53
TempSensor_2,2024-12-01T14:06:28.454082,29.58,55.17
TempSensor_8,2024-12-01T14:06:28.454089,20.37,55.56
TempSensor_7,2024-12-01T14:06:28.454097,28.35,56.02
TempSensor_8,2024-12-01T14:06:28.454106,26.43,36.46
TempSensor_3,2024-12-01T14:06:28.454113,26.08,40.87
TempSensor_1,2024-12-01T14:06:28.454122,22.86,47.57
TempSensor_10,2024-12-01T14:06:28.454131,25.06,37.48
TempSensor_5,2024-12-01T14:06:28.454140,23.31,31.15
TempSensor_6,2024-12-01T14:06:28.454148,23.47,42.48
TempSensor_6,2024-12-01T14:06:28.454158,27.03,56.35
TempSensor_8,2024-12-01T14:06:28.454166,24.15,39.41
TempSensor_4,2024-12-01T14:06:28.454175,25.35,50.56
TempSensor_9,2024-12-01T14:06:28.454185,27.44,55.31
TempSensor_7,2024-12-01T14:06:28.454193,25.19,54.91
TempSensor_2,2024-12-01T14:06:28.454202,29.06,30.54
TempSensor_1,2024-12-01T14:06:28.454211,25.79,54.98
TempSensor_6,2024-12-01T14:06:28.454219,23.64,42.98
TempSensor_3,2024-12-01T14:06:28.454227,20.25,56.75
TempSensor_9,2024-12-01T14:06:28.454235,23.47,44.17
TempSensor_2,2024-12-01T14:06:28.454243,28.83,30.66
TempSensor_10,2024-12-01T14:06:28.454251,25.24,41.12
TempSensor_3,2024-12-01T14:06:28.454260,20.84,33.99
TempSensor_3,2024-12-01T14:06:28.454268,29.72,35.02
TempSensor_10,2024-12-01T14:06:28.454276,24.13,51.48
TempSensor_8,2024-12-01T14:06:28.454285,21.0,53.11
TempSensor_10,2024-12-01T14:06:28.454294,21.33,44.96
TempSensor_10,2024-12-01T14:06:28.454303,23.61,48.33
TempSensor_6,2024-12-01T14:06:28.454338,23.43,55.17
TempSensor_10,2024-12-01T14:06:28.454348,21.77,55.84
TempSensor_1,2024-12-01T14:06:28.454356,27.17,40.59
TempSensor_5,2024-12-01T14:06:28.454365,29.66,33.75
TempSensor_4,2024-12-01T14:06:28.454374,29.09,48.15
TempSensor_9,2024-12-01T14:06:28.454382,21.15,51.14
TempSensor_6,2024-12-01T14:06:28.454390,28.72,30.19
TempSensor_3,2024-12-01T14:06:28.454400,29.05,49.54
TempSensor_8,2024-12-01T14:06:28.454409,25.2,47.04
TempSensor_10,2024-12-01T14:06:28.454417,22.48,49.86
TempSensor_1,2024-12-01T14:06:28.454426,24.92,46.1
TempSensor_1,2024-12-01T14:06:28.454436,26.13,31.77
TempSensor_5,2024-12-01T14:06:28.454445,21.72,39.16
TempSensor_6,2024-12-01T14:06:28.454454,23.94,53.26
TempSensor_5,2024-12-01T14:06:28.454463,21.05,48.15
TempSensor_3,2024-12-01T14:06:28.454472,23.12,36.99
TempSensor_10,2024-12-01T14:06:28.454480,25.37,42.73
TempSensor_6,2024-12-01T14:06:28.454489,23.12,30.68
TempSensor_1,2024-12-01T14:06:28.454498,26.52,40.0
TempSensor_3,2024-12-01T14:06:28.454507,29.77,34.1
TempSensor_6,2024-12-01T14:06:28.454516,29.21,35.55
TempSensor_8,2024-12-01T14:06:28.454524,20.92,41.37
TempSensor_8,2024-12-01T14:06:28.454534,21.34,40.29
TempSensor_7,2024-12-01T14:06:28.454542,23.47,40.43
TempSensor_5,2024-12-01T14:06:28.454551,21.58,40.22
TempSensor_10,2024-12-01T14:06:28.454560,29.91,31.96
TempSensor_3,2024-12-01T14:06:28.454569,21.29,34.63
TempSensor_10,2024-12-01T14:06:28.454578,20.48,39.17
TempSensor_4,2024-12-01T14:06:28.454586,26.63,48.04
TempSensor_9,2024-12-01T14:06:28.454595,28.04,43.05
TempSensor_7,2024-12-01T14:06:28.454604,29.82,44.43
TempSensor_10,2024-12-01T14:06:28.454622,23.29,55.02
TempSensor_10,2024-12-01T14:06:28.454631,20.79,31.28
TempSensor_8,2024-12-01T14:06:28.454640,29.05,46.49
TempSensor_6,2024-12-01T14:06:28.454649,22.76,42.2
TempSensor_1,2024-12-01T14:06:28.454658,22.38,49.77
TempSensor_5,2024-12-01T14:06:28.454667,25.65,45.94
TempSensor_5,2024-12-01T14:06:28.454676,20.85,55.81
TempSensor_7,2024-12-01T14:06:28.454685,22.56,35.36
TempSensor_7,2024-12-01T14:06:28.454693,29.97,40.14
TempSensor_3,2024-12-01T14:06:28.454702,28.23,37.39
TempSensor_10,2024-12-01T14:06:28.454711,28.2,37.52
TempSensor_2,2024-12-01T14:06:28.454719,25.71,57.26
TempSensor_8,2024-12-01T14:06:28.454728,24.45,53.91
TempSensor_5,2024-12-01T14:06:28.454737,25.77,57.14
TempSensor_6,2024-12-01T14:06:28.454745,22.57,55.4
TempSensor_5,2024-12-01T14:06:28.454754,28.82,38.99
TempSensor_6,2024-12-01T14:06:28.454764,22.41,30.74
TempSensor_3,2024-12-01T14:06:28.454775,24.02,38.35
TempSensor_6,2024-12-01T14:06:28.454784,28.77,56.63
TempSensor_8,2024-12-01T14:06:28.454793,24.52,41.39
TempSensor_6,2024-12-01T14:06:28.454802,23.51,54.75
TempSensor_9,2024-12-01T14:06:28.454810,27.76,52.02
TempSensor_9,2024-12-01T14:06:28.454819,26.91,57.2
TempSensor_4,2024-12-01T14:06:28.454825,24.82,45.4
TempSensor_2,2024-12-01T14:06:28.454833,20.79,46.51
TempSensor_9,2024-12-01T14:06:28.454839,23.46,34.15
TempSensor_10,2024-12-01T14:06:28.454847,25.63,35.14
TempSensor_7,2024-12-01T14:06:28.454855,21.51,45.85
TempSensor_8,2024-12-01T14:06:28.454863,21.76,33.3
TempSensor_10,2024-12-01T14:06:28.454872,26.36,39.02
TempSensor_6,2024-12-01T14:06:28.454880,27.8,51.71
TempSensor_1,2024-12-01T14:06:28.454889,24.47,32.92
TempSensor_7,2024-12-01T14:06:28.454898,21.51,34.48
TempSensor_2,2024-12-01T14:06:28.454906,24.85,58.34
TempSensor_8,2024-12-01T14:06:28.454915,25.72,53.84
TempSensor_8,2024-12-01T14:06:28.454923,25.3,39.33
TempSensor_8,2024-12-01T14:06:28.454933,22.18,58.38
TempSensor_1,2024-12-01T14:06:28.454942,24.64,50.68
TempSensor_9,2024-12-01T14:06:28.454950,29.01,53.45
TempSensor_2,2024-12-01T14:06:28.454958,20.07,58.94
TempSensor_10,2024-12-01T14:06:28.454967,24.17,59.49
TempSensor_1,2024-12-01T14:06:28.454975,28.35,32.46
TempSensor_8,2024-12-01T14:06:28.454983,22.45,48.08
TempSensor_6,2024-12-01T14:06:28.454990,25.4,43.47
TempSensor_9,2024-12-01T14:06:28.454997,20.55,33.44
TempSensor_3,2024-12-01T14:06:28.455005,20.01,36.72
TempSensor_1,2024-12-01T14:06:28.455013,21.25,34.64
TempSensor_5,2024-12-01T14:06:28.455021,26.82,57.58
TempSensor_7,2024-12-01T14:06:28.455029,26.64,45.01
TempSensor_3,2024-12-01T14:06:28.455036,26.92,54.99
TempSensor_6,2024-12-01T14:06:28.455045,22.05,35.03
TempSensor_10,2024-12-01T14:06:28.455053,26.0,30.85
TempSensor_8,2024-12-01T14:06:28.455062,26.67,37.97
TempSensor_9,2024-12-01T14:06:28.455069,29.85,51.77
TempSensor_10,2024-12-01T14:06:28.455076,27.38,37.38
TempSensor_4,2024-12-01T14:06:28.455085,28.83,35.92
TempSensor_9,2024-12-01T14:06:28.455094,27.66,33.09
TempSensor_5,2024-12-01T14:06:28.455102,23.86,31.18
TempSensor_2,2024-12-01T14:06:28.455111,24.9,52.82
TempSensor_4,2024-12-01T14:06:28.455120,21.75,40.08
TempSensor_7,2024-12-01T14:06:28.455129,29.11,46.79
TempSensor_4,2024-12-01T14:06:28.455139,29.86,45.23
TempSensor_5,2024-12-01T14:06:28.455148,20.57,47.21
TempSensor_1,2024-12-01T14:06:28.455156,20.39,55.03
TempSensor_9,2024-12-01T14:06:28.455165,25.44,58.19
TempSensor_10,2024-12-01T14:06:28.455174,23.15,49.13
TempSensor_6,2024-12-01T14:06:28.455183,27.31,48.19
TempSensor_1,2024-12-01T14:06:28.455192,24.65,58.49
TempSensor_2,2024-12-01T14:06:28.455201,24.97,49.34
TempSensor_1,2024-12-01T14:06:28.455209,25.56,38.55
TempSensor_5,2024-12-01T14:06:28.455218,24.83,56.33
TempSensor_8,2024-12-01T14:06:28.455227,25.11,34.18
TempSensor_7,2024-12-01T14:06:28.455235,21.88,31.16
TempSensor_10,2024-12-01T14:06:28.455242,20.92,49.47
TempSensor_8,2024-12-01T14:06:28.455250,28.32,58.65
TempSensor_6,2024-12-01T14:06:28.455258,21.97,56.32
TempSensor_1,2024-12-01T14:06:28.455266,21.85,36.45
TempSensor_6,2024-12-01T14:06:28.455275,20.99,32.82
TempSensor_8,2024-12-01T14:06:28.455283,22.6,56.85
TempSensor_4,2024-12-01T14:06:28.455291,23.76,46.52
TempSensor_1,2024-12-01T14:06:28.455299,29.3,37.1
TempSensor_1,2024-12-01T14:06:28.455331,26.19,30.5
TempSensor_6,2024-12-01T14:06:28.455341,25.71,57.73
TempSensor_3,2024-12-01T14:06:28.455350,23.18,43.84
TempSensor_8,2024-12-01T14:06:28.455358,25.32,32.35
TempSensor_6,2024-12-01T14:06:28.455366,21.34,31.97
TempSensor_4,2024-12-01T14:06:28.455375,25.95,45.79
TempSensor_5,2024-12-01T14:06:28.455382,20.98,34.15
TempSensor_8,2024-12-01T14:06:28.455393,26.97,31.16
TempSensor_2,2024-12-01T14:06:28.455402,21.23,47.77
TempSensor_5,2024-12-01T14:06:28.455410,29.88,52.33
TempSensor_1,2024-12-01T14:06:28.455420,20.31,53.5
TempSensor_4,2024-12-01T14:06:28.455429,21.84,44.74
TempSensor_2,2024-12-01T14:06:28.455437,21.99,31.39
TempSensor_1,2024-12-01T14:06:28.455446,25.51,38.62
TempSensor_9,2024-12-01T14:06:28.455455,26.34,45.36
TempSensor_3,2024-12-01T14:06:28.455463,22.1,36.88
TempSensor_2,2024-12-01T14:06:28.455473,27.22,45.36
TempSensor_2,2024-12-01T14:06:28.455480,27.4,43.51
TempSensor_4,2024-12-01T14:06:28.455489,24.26,47.57
TempSensor_8,2024-12-01T14:06:28.455497,27.33,52.88
TempSensor_6,2024-12-01T14:06:28.455506,21.44,46.1
TempSensor_8,2024-12-01T14:06:28.455514,28.23,37.69
TempSensor_10,2024-12-01T14:06:28.455522,27.49,37.54
TempSensor_1,2024-12-01T14:06:28.455531,27.22,44.73
TempSensor_4,2024-12-01T14:06:28.455540,22.12,37.69
TempSensor_1,2024-12-01T14:06:28.455550,20.24,44.92
TempSensor_6,2024-12-01T14:06:28.455559,24.62,55.07
TempSensor_6,2024-12-01T14:06:28.455568,25.24,40.2
TempSensor_6,2024-12-01T14:06:28.455577,29.71,41.13
TempSensor_1,2024-12-01T14:06:28.455586,29.96,32.7
TempSensor_1,2024-12-01T14:06:28.455594,23.19,42.9
TempSensor_9,2024-12-01T14:06:28.455604,24.05,59.44
TempSensor_3,2024-12-01T14:06:28.455619,26.96,57.07
TempSensor_4,2024-12-01T14:06:28.455628,28.51,50.24
TempSensor_6,2024-12-01T14:06:28.455637,23.9,51.66
TempSensor_3,2024-12-01T14:06:28.455646,28.39,38.15
TempSensor_8,2024-12-01T14:06:28.455655,26.8,34.85
TempSensor_1,2024-12-01T14:06:28.455664,26.96,30.28
TempSensor_6,2024-12-01T14:06:28.455672,27.8,49.77
TempSensor_2,2024-12-01T14:06:28.455681,25.6,30.01
TempSensor_2,2024-12-01T14:06:28.455690,20.87,50.57
TempSensor_4,2024-12-01T14:06:28.455699,23.44,31.79
TempSensor_9,2024-12-01T14:06:28.455708,24.1,55.51
TempSensor_7,2024-12-01T14:06:28.455716,21.21,50.38
TempSensor_8,2024-12-01T14:06:28.455724,21.81,40.53
TempSensor_8,2024-12-01T14:06:28.455733,28.9,55.57
TempSensor_4,2024-12-01T14:06:28.455742,28.88,42.83
TempSensor_3,2024-12-01T14:06:28.455750,20.19,41.0
TempSensor_7,2024-12-01T14:06:28.455760,23.59,36.63
TempSensor_5,2024-12-01T14:06:28.455769,27.07,40.48
TempSensor_7,2024-12-01T14:06:28.455776,20.58,59.85
TempSensor_4,2024-12-01T14:06:28.455783,22.83,35.21
TempSensor_8,2024-12-01T14:06:28.455792,29.36,47.17
TempSensor_2,2024-12-01T14:06:28.455801,26.7,58.73
TempSensor_5,2024-12-01T14:06:28.455809,25.63,40.41
TempSensor_1,2024-12-01T14:06:28.455818,27.83,42.73
TempSensor_9,2024-12-01T14:06:28.455825,29.68,40.67
TempSensor_6,2024-12-01T14:06:28.455834,26.74,50.34
TempSensor_2,2024-12-01T14:06:28.455842,22.66,31.29
TempSensor_2,2024-12-01T14:06:28.455850,29.43,56.0
TempSensor_9,2024-12-01T14:06:28.455859,28.57,51.62
TempSensor_2,2024-12-01T14:06:28.455868,20.59,57.67
TempSensor_10,2024-12-01T14:06:28.455877,21.84,54.56
TempSensor_7,2024-12-01T14:06:28.455885,27.1,47.69
TempSensor_9,2024-12-01T14:06:28.455894,27.58,33.74
TempSensor_4,2024-12-01T14:06:28.455904,28.88,38.68
TempSensor_9,2024-12-01T14:06:28.455913,24.51,38.53
TempSensor_3,2024-12-01T14:06:28.455922,27.45,55.49
TempSensor_1,2024-12-01T14:06:28.455931,26.24,43.95
TempSensor_5,2024-12-01T14:06:28.455939,20.76,48.67
TempSensor_8,2024-12-01T14:06:28.455948,29.15,53.84
TempSensor_9,2024-12-01T14:06:28.455956,26.77,38.55
TempSensor_6,2024-12-01T14:06:28.455964,20.27,42.54
TempSensor_8,2024-12-01T14:06:28.455973,25.66,30.01
TempSensor_5,2024-12-01T14:06:28.455981,26.5,34.96
TempSensor_10,2024-12-01T14:06:28.455990,23.76,49.42
TempSensor_4,2024-12-01T14:06:28.455998,27.0,53.45
TempSensor_3,2024-12-01T14:06:28.456007,21.17,31.34
TempSensor_7,2024-12-01T14:06:28.456015,23.37,57.75
TempSensor_10,2024-12-01T14:06:28.456024,23.47,55.4
TempSensor_9,2024-12-01T14:06:28.456033,25.04,37.74
TempSensor_1,2024-12-01T14:06:28.456041,23.57,56.58
TempSensor_1,2024-12-01T14:06:28.456050,24.86,46.19
TempSensor_10,2024-12-01T14:06:28.456058,23.52,58.26
TempSensor_4,2024-12-01T14:06:28.456067,21.12,40.55
TempSensor_5,2024-12-01T14:06:28.456076,28.83,51.9
TempSensor_5,2024-12-01T14:06:28.456084,22.56,31.88
TempSensor_9,2024-12-01T14:06:28.456093,27.32,59.62
TempSensor_6,2024-12-01T14:06:28.456101,23.48,47.02
TempSensor_9,2024-12-01T14:06:28.456110,27.02,46.63
TempSensor_10,2024-12-01T14:06:28.456118,21.45,42.82
TempSensor_5,2024-12-01T14:06:28.456127,21.67,31.27
TempSensor_10,2024-12-01T14:06:28.456136,22.22,49.53
TempSensor_6,2024-12-01T14:06:28.456144,29.04,42.42
TempSensor_9,2024-12-01T14:06:28.456153,26.96,51.68
TempSensor_9,2024-12-01T14:06:28.456161,20.63,55.57
TempSensor_1,2024-12-01T14:06:28.456170,22.12,49.08
TempSensor_6,2024-12-01T14:06:28.456177,20.99,45.89
TempSensor_8,2024-12-01T14:06:28.456185,25.69,51.34
TempSensor_8,2024-12-01T14:06:28.456193,27.56,51.73
TempSensor_5,2024-12-01T14:06:28.456201,23.76,41.33
TempSensor_1,2024-12-01T14:06:28.456209,22.74,36.61
TempSensor_3,2024-12-01T14:06:28.456218,23.84,46.95
TempSensor_4,2024-12-01T14:06:28.456227,28.86,30.53
TempSensor_1,2024-12-01T14:06:28.456235,21.15,58.92
TempSensor_5,2024-12-01T14:06:28.456244,27.61,40.18
TempSensor_7,2024-12-01T14:06:28.456253,27.79,52.01
TempSensor_9,2024-12-01T14:06:28.456261,28.17,42.29
TempSensor_10,2024-12-01T14:06:28.456270,22.03,52.25
TempSensor_2,2024-12-01T14:06:28.456279,25.46,44.81
TempSensor_10,2024-12-01T14:06:28.456288,21.65,41.57
TempSensor_1,2024-12-01T14:06:28.456297,27.33,58.58
TempSensor_5,2024-12-01T14:06:28.456319,21.65,30.06
TempSensor_8,2024-12-01T14:06:28.456338,23.64,39.75
TempSensor_4,2024-12-01T14:06:28.456347,28.19,58.5
TempSensor_2,2024-12-01T14:06:28.456355,24.14,52.39
TempSensor_2,2024-12-01T14:06:28.456363,23.84,45.92
TempSensor_8,2024-12-01T14:06:28.456371,21.62,52.42
TempSensor_5,2024-12-01T14:06:28.456380,26.94,41.43
TempSensor_3,2024-12-01T14:06:28.456388,25.47,35.99
TempSensor_9,2024-12-01T14:06:28.456397,24.63,50.72
TempSensor_5,2024-12-01T14:06:28.456407,22.04,42.17
TempSensor_7,2024-12-01T14:06:28.456416,25.16,39.17
TempSensor_5,2024-12-01T14:06:28.456427,25.59,50.22
TempSensor_6,2024-12-01T14:06:28.456435,24.43,33.22
TempSensor_4,2024-12-01T14:06:28.456444,27.62,42.56
TempSensor_6,2024-12-01T14:06:28.456452,21.12,48.59
TempSensor_4,2024-12-01T14:06:28.456462,27.84,52.93
TempSensor_3,2024-12-01T14:06:28.456471,28.14,44.28
TempSensor_7,2024-12-01T14:06:28.456479,25.22,38.54
TempSensor_10,2024-12-01T14:06:28.456487,22.4,37.4
TempSensor_5,2024-12-01T14:06:28.456495,24.16,56.96
TempSensor_3,2024-12-01T14:06:28.456503,26.91,39.94
TempSensor_2,2024-12-01T14:06:28.456511,26.22,52.01
TempSensor_4,2024-12-01T14:06:28.456519,23.97,32.69
TempSensor_3,2024-12-01T14:06:28.456526,22.32,52.86
TempSensor_9,2024-12-01T14:06:28.456534,28.87,38.11
TempSensor_4,2024-12-01T14:06:28.456543,25.02,39.78
TempSensor_2,2024-12-01T14:06:28.456551,22.54,41.04
TempSensor_4,2024-12-01T14:06:28.456560,20.93,58.68
TempSensor_1,2024-12-01T14:06:28.456570,27.0,35.45
TempSensor_2,2024-12-01T14:06:28.456579,26.07,30.28
TempSensor_3,2024-12-01T14:06:28.456588,24.71,43.67
TempSensor_9,2024-12-01T14:06:28.456597,22.11,56.28
TempSensor_8,2024-12-01T14:06:28.456606,20.18,30.05
TempSensor_2,2024-12-01T14:06:28.456622,20.37,31.44
TempSensor_10,2024-12-01T14:06:28.456631,29.93,30.87
TempSensor_8,2024-12-01T14:06:28.456640,26.32,31.36
TempSensor_7,2024-12-01T14:06:28.456649,27.21,57.29
TempSensor_3,2024-12-01T14:06:28.456677,21.51,50.63
TempSensor_5,2024-12-01T14:06:28.456687,21.33,56.73
TempSensor_5,2024-12-01T14:06:28.456696,28.66,42.88
TempSensor_5,2024-12-01T14:06:28.456704,28.43,40.1
TempSensor_6,2024-12-01T14:06:28.456713,22.44,44.59
TempSensor_2,2024-12-01T14:06:28.456722,25.84,31.88
TempSensor_9,2024-12-01T14:06:28.456729,29.06,50.18
TempSensor_1,2024-12-01T14:06:28.456738,29.19,51.32
TempSensor_9,2024-12-01T14:06:28.456746,22.23,41.39
TempSensor_3,2024-12-01T14:06:28.456755,21.54,34.32
TempSensor_3,2024-12-01T14:06:28.456764,24.59,43.61
TempSensor_7,2024-12-01T14:06:28.456772,27.04,53.54
TempSensor_2,2024-12-01T14:06:28.456781,29.83,45.82
TempSensor_10,2024-12-01T14:06:28.456790,21.43,40.79
TempSensor_5,2024-12-01T14:06:28.456799,24.58,46.27
TempSensor_2,2024-12-01T14:06:28.456808,20.14,45.91
TempSensor_1,2024-12-01T14:06:28.456816,28.41,31.57
TempSensor_4,2024-12-01T14:06:28.456824,28.81,40.98
TempSensor_3,2024-12-01T14:06:28.456833,29.88,49.35
TempSensor_6,2024-12-01T14:06:28.456840,25.63,34.65
TempSensor_9,2024-12-01T14:06:28.456849,24.88,32.3
TempSensor_1,2024-12-01T14:06:28.456858,24.58,39.31
TempSensor_9,2024-12-01T14:06:28.456867,23.27,43.58
TempSensor_8,2024-12-01T14:06:28.456876,27.55,32.31
TempSensor_10,2024-12-01T14:06:28.456886,20.68,41.41
TempSensor_3,2024-12-01T14:06:28.456895,22.02,49.24
TempSensor_9,2024-12-01T14:06:28.456903,28.96,55.17
TempSensor_9,2024-12-01T14:06:28.456912,20.69,35.17
TempSensor_10,2024-12-01T14:06:28.456921,26.2,30.06
TempSensor_5,2024-12-01T14:06:28.456930,25.43,54.7
TempSensor_9,2024-12-01T14:06:28.456939,20.5,53.56
TempSensor_5,2024-12-01T14:06:28.456946,29.77,42.32
TempSensor_9,2024-12-01T14:06:28.456955,27.91,32.28
TempSensor_9,2024-12-01T14:06:28.456963,24.77,44.02
TempSensor_3,2024-12-01T14:06:28.456971,21.08,57.49
TempSensor_3,2024-12-01T14:06:28.456979,29.71,56.57
TempSensor_7,2024-12-01T14:06:28.456988,23.16,36.09
TempSensor_4,2024-12-01T14:06:28.456997,24.41,48.2
TempSensor_6,2024-12-01T14:06:28.457006,25.59,38.13
TempSensor_1,2024-12-01T14:06:28.457015,21.26,32.42
TempSensor_5,2024-12-01T14:06:28.457024,24.72,36.9
TempSensor_5,2024-12-01T14:06:28.457033,21.98,54.05
TempSensor_10,2024-12-01T14:06:28.457042,26.21,54.67
TempSensor_6,2024-12-01T14:06:28.457052,23.9,58.92
TempSensor_10,2024-12-01T14:06:28.457060,29.85,47.37
TempSensor_1,2024-12-01T14:06:28.457068,29.86,42.13
TempSensor_8,2024-12-01T14:06:28.457077,29.16,54.58
TempSensor_10,2024-12-01T14:06:28.457086,27.42,30.54
TempSensor_2,2024-12-01T14:06:28.457095,26.37,40.8
TempSensor_8,2024-12-01T14:06:28.457104,24.53,38.65
TempSensor_9,2024-12-01T14:06:28.457113,28.9,36.5
TempSensor_5,2024-12-01T14:06:28.457122,22.49,48.96
TempSensor_1,2024-12-01T14:06:28.457131,27.29,42.28
TempSensor_9,2024-12-01T14:06:28.457140,21.61,31.44
TempSensor_3,2024-12-01T14:06:28.457149,29.05,42.92
TempSensor_7,2024-12-01T14:06:28.457158,28.45,36.88
TempSensor_10,2024-12-01T14:06:28.457167,29.5,56.12
TempSensor_8,2024-12-01T14:06:28.457176,26.21,43.74
TempSensor_4,2024-12-01T14:06:28.457185,20.26,55.04
TempSensor_8,2024-12-01T14:06:28.457194,21.42,35.85
TempSensor_8,2024-12-01T14:06:28.457202,27.78,56.87
TempSensor_4,2024-12-01T14:06:28.457211,26.57,55.18
TempSensor_3,2024-12-01T14:06:28.457220,27.75,55.39
TempSensor_1,2024-12-01T14:06:28.457228,26.11,45.26
TempSensor_9,2024-12-01T14:06:28.457237,25.09,41.66
TempSensor_10,2024-12-01T14:06:28.457245,26.74,51.17
TempSensor_3,2024-12-01T14:06:28.457254,29.58,49.55
TempSensor_5,2024-12-01T14:06:28.457262,26.66,32.86
TempSensor_2,2024-12-01T14:06:28.457270,21.43,49.39
TempSensor_8,2024-12-01T14:06:28.457279,25.64,39.97
TempSensor_3,2024-12-01T14:06:28.457288,21.92,30.25
TempSensor_1,2024-12-01T14:06:28.457296,27.66,59.8
TempSensor_8,2024-12-01T14:06:28.457304,29.83,55.66
TempSensor_2,2024-12-01T14:06:28.457331,27.63,54.53
TempSensor_10,2024-12-01T14:06:28.457340,27.42,30.11
TempSensor_8,2024-12-01T14:06:28.457349,21.38,56.96
TempSensor_1,2024-12-01T14:06:28.457358,27.04,58.66
TempSensor_6,2024-12-01T14:06:28.457366,23.8,44.83
TempSensor_1,2024-12-01T14:06:28.457376,21.48,50.37
TempSensor_3,2024-12-01T14:06:28.457385,27.84,59.72
TempSensor_7,2024-12-01T14:06:28.457393,23.0,53.09
TempSensor_1,2024-12-01T14:06:28.457402,23.67,54.55
TempSensor_7,2024-12-01T14:06:28.457411,24.53,31.13
TempSensor_4,2024-12-01T14:06:28.457422,27.75,45.65
TempSensor_2,2024-12-01T14:06:28.457431,24.48,47.12
TempSensor_7,2024-12-01T14:06:28.457439,20.11,46.28
TempSensor_2,2024-12-01T14:06:28.457448,23.76,34.56
TempSensor_7,2024-12-01T14:06:28.457456,26.64,35.84
TempSensor_5,2024-12-01T14:06:28.457465,25.39,58.66
TempSensor_2,2024-12-01T14:06:28.457474,23.69,58.32
TempSensor_6,2024-12-01T14:06:28.457483,22.94,51.03
TempSensor_5,2024-12-01T14:06:28.457491,25.12,44.81
TempSensor_6,2024-12-01T14:06:28.457499,20.32,49.03
TempSensor_10,2024-12-01T14:06:28.457508,25.82,49.44
TempSensor_5,2024-12-01T14:06:28.457516,26.93,37.75
TempSensor_6,2024-12-01T14:06:28.457525,25.9,57.67
TempSensor_5,2024-12-01T14:06:28.457533,24.72,37.74
TempSensor_7,2024-12-01T14:06:28.457542,27.38,52.48
TempSensor_3,2024-12-01T14:06:28.457550,24.15,39.31
TempSensor_8,2024-12-01T14:06:28.457559,26.3,30.33
TempSensor_8,2024-12-01T14:06:28.457568,24.5,47.58
TempSensor_7,2024-12-01T14:06:28.457576,26.04,53.84
TempSensor_5,2024-12-01T14:06:28.457585,23.36,43.45
TempSensor_10,2024-12-01T14:06:28.457594,26.31,40.14
TempSensor_8,2024-12-01T14:06:28.457602,23.43,46.73
TempSensor_4,2024-12-01T14:06:28.457617,23.52,50.83
TempSensor_7,2024-12-01T14:06:28.457626,25.54,57.18
TempSensor_4,2024-12-01T14:06:28.457635,25.16,32.81
TempSensor_7,2024-12-01T14:06:28.457644,28.12,37.06
TempSensor_9,2024-12-01T14:06:28.457653,23.78,56.25
TempSensor_2,2024-12-01T14:06:28.457662,29.03,42.39
TempSensor_1,2024-12-01T14:06:28.457670,26.22,49.26
TempSensor_4,2024-12-01T14:06:28.457678,27.4,33.75
TempSensor_10,2024-12-01T14:06:28.457686,25.09,47.69
TempSensor_10,2024-12-01T14:06:28.457695,20.41,45.88
TempSensor_1,2024-12-01T14:06:28.457703,24.39,56.34
TempSensor_6,2024-12-01T14:06:28.457711,29.12,38.07
TempSensor_10,2024-12-01T14:06:28.457720,29.42,45.07
TempSensor_8,2024-12-01T14:06:28.457729,21.77,45.68
TempSensor_6,2024-12-01T14:06:28.457738,29.24,31.89
TempSensor_4,2024-12-01T14:06:28.457747,29.89,53.29
TempSensor_10,2024-12-01T14:06:28.457756,20.77,51.1
TempSensor_8,2024-12-01T14:06:28.457765,23.61,46.94
TempSensor_10,2024-12-01T14:06:28.457774,20.26,44.04
TempSensor_9,2024-12-01T14:06:28.457783,25.92,37.89
TempSensor_4,2024-12-01T14:06:28.457792,28.6,56.63
TempSensor_5,2024-12-01T14:06:28.457801,23.38,45.64
TempSensor_7,2024-12-01T14:06:28.457810,24.84,46.32
TempSensor_6,2024-12-01T14:06:28.457819,29.02,52.03
TempSensor_2,2024-12-01T14:06:28.457827,28.06,53.01
TempSensor_4,2024-12-01T14:06:28.457835,26.78,36.31
TempSensor_8,2024-12-01T14:06:28.457843,23.67,52.25
TempSensor_4,2024-12-01T14:06:28.457852,21.97,49.42
TempSensor_8,2024-12-01T14:06:28.457860,24.07,35.48
TempSensor_3,2024-12-01T14:06:28.457869,20.3,50.21
TempSensor_10,2024-12-01T14:06:28.457877,27.19,30.11
TempSensor_3,2024-12-01T14:06:28.457886,22.63,47.49
TempSensor_2,2024-12-01T14:06:28.457894,21.41,43.72
TempSensor_7,2024-12-01T14:06:28.457903,20.57,50.79
TempSensor_8,2024-12-01T14:06:28.457912,26.64,53.75
TempSensor_5,2024-12-01T14:06:28.457920,20.19,33.68
TempSensor_9,2024-12-01T14:06:28.457928,22.62,48.26
TempSensor_4,2024-12-01T14:06:28.457937,22.42,55.87
TempSensor_9,2024-12-01T14:06:28.457945,25.79,46.17
TempSensor_8,2024-12-01T14:06:28.457952,22.52,43.15
TempSensor_7,2024-12-01T14:06:28.457960,27.93,38.67
TempSensor_5,2024-12-01T14:06:28.457968,23.4,55.81
TempSensor_10,2024-12-01T14:06:28.457976,29.43,59.18
TempSensor_5,2024-12-01T14:06:28.457984,23.52,37.33
TempSensor_10,2024-12-01T14:06:28.457992,22.01,44.21
TempSensor_8,2024-12-01T14:06:28.458000,28.0,42.38
TempSensor_5,2024-12-01T14:06:28.458009,22.18,49.56
TempSensor_10,2024-12-01T14:06:28.458018,28.0,32.18
TempSensor_1,2024-12-01T14:06:28.458026,29.32,52.65
TempSensor_7,2024-12-01T14:06:28.458035,20.45,34.88
TempSensor_2,2024-12-01T14:06:28.458043,27.47,35.72
TempSensor_2,2024-12-01T14:06:28.458053,23.6,36.61
TempSensor_6,2024-12-01T14:06:28.458062,26.03,53.61
TempSensor_8,2024-12-01T14:06:28.458071,29.61,56.1
TempSensor_6,2024-12-01T14:06:28.458080,25.0,46.72
TempSensor_3,2024-12-01T14:06:28.458089,29.47,38.53
TempSensor_2,2024-12-01T14:06:28.458097,25.12,37.57
TempSensor_6,2024-12-01T14:06:28.458106,21.1,37.05
TempSensor_6,2024-12-01T14:06:28.458113,22.43,50.47
TempSensor_10,2024-12-01T14:06:28.458122,27.28,54.05
TempSensor_9,2024-12-01T14:06:28.458130,24.23,30.78
TempSensor_5,2024-12-01T14:06:28.458138,25.36,39.02
TempSensor_3,2024-12-01T14:06:28.458147,26.45,49.46
TempSensor_6,2024-12-01T14:06:28.458155,22.37,32.62
TempSensor_10,2024-12-01T14:06:28.458163,25.97,42.95
TempSensor_8,2024-12-01T14:06:28.458172,21.73,31.03
TempSensor_5,2024-12-01T14:06:28.458181,25.59,41.8
TempSensor_6,2024-12-01T14:06:28.458189,24.6,40.16
TempSensor_5,2024-12-01T14:06:28.458198,25.63,45.08
TempSensor_6,2024-12-01T14:06:28.458206,20.55,48.01
TempSensor_5,2024-12-01T14:06:28.458215,29.74,34.03
TempSensor_6,2024-12-01T14:06:28.458224,27.68,53.95
TempSensor_10,2024-12-01T14:06:28.458232,25.54,35.54
TempSensor_6,2024-12-01T14:06:28.458241,30.0,49.35
TempSensor_7,2024-12-01T14:06:28.458249,21.9,42.63
TempSensor_1,2024-12-01T14:06:28.458257,28.43,56.56
TempSensor_2,2024-12-01T14:06:28.458265,20.47,30.86
TempSensor_2,2024-12-01T14:06:28.458273,29.14,34.59
TempSensor_5,2024-12-01T14:06:28.458282,24.76,35.58
TempSensor_7,2024-12-01T14:06:28.458290,28.83,48.13
TempSensor_7,2024-12-01T14:06:28.458296,22.09,35.31
TempSensor_8,2024-12-01T14:06:28.458301,22.29,44.83
TempSensor_5,2024-12-01T14:06:28.458323,24.1,45.14
TempSensor_10,2024-12-01T14:06:28.458332,28.87,37.95
TempSensor_2,2024-12-01T14:06:28.458341,29.09,34.51
TempSensor_7,2024-12-01T14:06:28.458351,29.11,51.24
TempSensor_9,2024-12-01T14:06:28.458358,25.7,57.52
TempSensor_5,2024-12-01T14:06:28.458366,23.75,36.44
TempSensor_2,2024-12-01T14:06:28.458374,29.69,40.09
TempSensor_9,2024-12-01T14:06:28.458384,20.69,36.3
TempSensor_6,2024-12-01T14:06:28.458394,21.02,57.78
TempSensor_3,2024-12-01T14:06:28.458403,28.23,38.17
TempSensor_9,2024-12-01T14:06:28.458413,22.59,46.68
TempSensor_5,2024-12-01T14:06:28.458420,23.06,43.74
TempSensor_4,2024-12-01T14:06:28.458425,27.16,54.36
TempSensor_5,2024-12-01T14:06:28.458430,27.59,33.47
TempSensor_3,2024-12-01T14:06:28.458435,28.19,58.62
TempSensor_10,2024-12-01T14:06:28.458440,29.34,30.1
TempSensor_6,2024-12-01T14:06:28.458445,25.67,55.76
TempSensor_2,2024-12-01T14:06:28.458449,23.4,55.62
TempSensor_9,2024-12-01T14:06:28.458454,26.72,34.52
TempSensor_8,2024-12-01T14:06:28.458459,21.5,44.49
TempSensor_10,2024-12-01T14:06:28.458463,28.4,49.56
TempSensor_3,2024-12-01T14:06:28.458468,27.64,50.85
TempSensor_4,2024-12-01T14:06:28.458473,20.34,48.93
TempSensor_10,2024-12-01T14:06:28.458477,29.47,47.03
TempSensor_1,2024-12-01T14:06:28.458482,27.74,31.81
TempSensor_10,2024-12-01T14:06:28.458486,28.41,51.45
TempSensor_5,2024-12-01T14:06:28.458491,21.61,42.06
TempSensor_4,2024-12-01T14:06:28.458516,24.92,59.63
TempSensor_7,2024-12-01T14:06:28.458521,26.93,48.18
TempSensor_5,2024-12-01T14:06:28.458526,23.15,56.19
TempSensor_10,2024-12-01T14:06:28.458530,27.83,46.74
TempSensor_4,2024-12-01T14:06:28.458535,24.09,43.45
TempSensor_6,2024-12-01T14:06:28.458540,27.83,46.55
TempSensor_7,2024-12-01T14:06:28.458544,27.98,57.92
TempSensor_4,2024-12-01T14:06:28.458549,22.06,33.21
TempSensor_1,2024-12-01T14:06:28.458554,25.98,55.53
TempSensor_7,2024-12-01T14:06:28.458559,20.96,50.97
TempSensor_9,2024-12-01T14:06:28.458563,24.64,34.85
TempSensor_5,2024-12-01T14:06:28.458568,29.41,43.92
TempSensor_6,2024-12-01T14:06:28.458573,29.41,41.8
TempSensor_10,2024-12-01T14:06:28.458577,24.57,39.24
TempSensor_7,2024-12-01T14:06:28.458582,26.69,37.07
TempSensor_7,2024-12-01T14:06:28.458586,20.4,32.18
TempSensor_7,2024-12-01T14:06:28.458591,23.28,54.69
TempSensor_10,2024-12-01T14:06:28.458596,23.94,30.89
TempSensor_10,2024-12-01T14:06:28.458600,21.8,48.4
TempSensor_9,2024-12-01T14:06:28.458605,21.74,51.67
TempSensor_1,2024-12-01T14:06:28.458617,27.37,59.34
TempSensor_8,2024-12-01T14:06:28.458622,23.85,49.73
TempSensor_4,2024-12-01T14:06:28.458627,27.56,52.72
TempSensor_5,2024-12-01T14:06:28.458631,27.1,58.83
TempSensor_6,2024-12-01T14:06:28.458636,28.16,54.1
TempSensor_3,2024-12-01T14:06:28.458641,25.93,34.99
TempSensor_1,2024-12-01T14:06:28.458645,20.68,41.04
TempSensor_10,2024-12-01T14:06:28.458650,27.55,54.81
TempSensor_6,2024-12-01T14:06:28.458655,29.23,30.34
TempSensor_4,2024-12-01T14:06:28.458659,24.41,36.44
TempSensor_3,2024-12-01T14:06:28.458664,29.56,30.34
TempSensor_1,2024-12-01T14:06:28.458669,26.38,55.38
TempSensor_7,2024-12-01T14:06:28.458674,26.83,49.25
TempSensor_6,2024-12-01T14:06:28.458679,20.19,47.45
TempSensor_7,2024-12-01T14:06:28.458684,21.17,59.81
TempSensor_4,2024-12-01T14:06:28.458689,28.94,46.79
TempSensor_4,2024-12-01T14:06:28.458693,28.21,58.75
TempSensor_1,2024-12-01T14:06:28.458698,23.55,34.91
TempSensor_6,2024-12-01T14:06:28.458703,26.23,46.55
TempSensor_4,2024-12-01T14:06:28.458708,23.0,37.16
TempSensor_3,2024-12-01T14:06:28.458713,22.67,39.33
TempSensor_1,2024-12-01T14:06:28.458717,28.93,33.68
TempSensor_5,2024-12-01T14:06:28.458722,25.17,30.09
TempSensor_6,2024-12-01T14:06:28.458727,24.62,56.34
TempSensor_1,2024-12-01T14:06:28.458731,21.93,44.21
TempSensor_4,2024-12-01T14:06:28.458736,28.91,44.16
TempSensor_6,2024-12-01T14:06:28.458741,26.25,58.18
TempSensor_4,2024-12-01T14:06:28.458745,24.8,49.72
TempSensor_10,2024-12-01T14:06:28.458750,23.11,55.91
TempSensor_3,2024-12-01T14:06:28.458755,23.56,42.4
TempSensor_3,2024-12-01T14:06:28.458759,20.47,49.09
TempSensor_7,2024-12-01T14:06:28.458764,20.4,52.09
TempSensor_7,2024-12-01T14:06:28.458769,29.41,49.18
TempSensor_1,2024-12-01T14:06:28.458775,22.82,35.16
TempSensor_4,2024-12-01T14:06:28.458780,20.37,46.27
TempSensor_2,2024-12-01T14:06:28.458785,23.85,52.65
TempSensor_6,2024-12-01T14:06:28.458790,23.06,30.5
TempSensor_3,2024-12-01T14:06:28.458794,24.71,41.67
TempSensor_7,2024-12-01T14:06:28.458803,21.89,50.59
TempSensor_4,2024-12-01T14:06:28.458811,28.36,55.71
TempSensor_9,2024-12-01T14:06:28.458818,21.84,40.67
TempSensor_1,2024-12-01T14:06:28.458826,21.88,36.53
TempSensor_7,2024-12-01T14:06:28.458834,21.18,33.23
TempSensor_1,2024-12-01T14:06:28.458842,23.29,32.41
TempSensor_7,2024-12-01T14:06:28.458851,28.01,30.56
TempSensor_8,2024-12-01T14:06:28.458857,27.42,59.8
TempSensor_7,2024-12-01T14:06:28.458862,24.48,32.93
TempSensor_3,2024-12-01T14:06:28.458867,25.17,34.76
TempSensor_4,2024-12-01T14:06:28.458871,22.58,38.75
TempSensor_10,2024-12-01T14:06:28.458876,28.4,47.44
TempSensor_5,2024-12-01T14:06:28.458880,27.05,56.22
TempSensor_3,2024-12-01T14:06:28.458885,20.18,52.22
TempSensor_3,2024-12-01T14:06:28.458890,28.35,30.98
TempSensor_6,2024-12-01T14:06:28.458894,29.93,39.2
TempSensor_1,2024-12-01T14:06:28.458899,27.97,50.46
TempSensor_3,2024-12-01T14:06:28.458904,20.0,37.53
TempSensor_4,2024-12-01T14:06:28.458908,21.02,34.37
TempSensor_7,2024-12-01T14:06:28.458913,20.23,46.48
TempSensor_6,2024-12-01T14:06:28.458918,28.35,37.4
TempSensor_8,2024-12-01T14:06:28.458922,25.09,46.52
TempSensor_3,2024-12-01T14:06:28.458927,29.58,37.27
TempSensor_9,2024-12-01T14:06:28.458931,21.63,48.72
TempSensor_3,2024-12-01T14:06:28.458936,27.0,37.56
TempSensor_5,2024-12-01T14:06:28.458941,24.39,37.67
TempSensor_3,2024-12-01T14:06:28.458947,28.98,35.83
TempSensor_2,2024-12-01T14:06:28.458951,27.49,58.8
TempSensor_6,2024-12-01T14:06:28.458956,22.56,42.04
TempSensor_8,2024-12-01T14:06:28.458961,27.25,36.73
TempSensor_6,2024-12-01T14:06:28.458965,24.8,52.77
TempSensor_1,2024-12-01T14:06:28.458971,27.72,45.91
TempSensor_8,2024-12-01T14:06:28.458976,26.95,45.08
TempSensor_4,2024-12-01T14:06:28.458980,27.85,42.39
TempSensor_4,2024-12-01T14:06:28.458985,26.69,42.68
TempSensor_4,2024-12-01T14:06:28.458989,23.76,39.42
TempSensor_9,2024-12-01T14:06:28.458994,28.46,30.15
TempSensor_1,2024-12-01T14:06:28.458999,29.91,47.97
TempSensor_4,2024-12-01T14:06:28.459004,28.41,44.46
TempSensor_5,2024-12-01T14:06:28.459008,27.6,53.85
TempSensor_4,2024-12-01T14:06:28.459013,28.96,31.61
TempSensor_6,2024-12-01T14:06:28.459018,20.84,49.84
TempSensor_9,2024-12-01T14:06:28.459022,27.71,52.14
TempSensor_3,2024-12-01T14:06:28.459027,25.12,34.17
TempSensor_10,2024-12-01T14:06:28.459032,20.6,45.98
TempSensor_10,2024-12-01T14:06:28.459036,24.53,36.1
TempSensor_5,2024-12-01T14:06:28.459041,25.24,44.7
TempSensor_4,2024-12-01T14:06:28.459046,28.22,43.62
TempSensor_7,2024-12-01T14:06:28.459050,23.36,35.13
TempSensor_3,2024-12-01T14:06:28.459055,23.14,49.12
TempSensor_8,2024-12-01T14:06:28.459059,21.77,34.89
TempSensor_8,2024-12-01T14:06:28.459064,25.29,36.07
TempSensor_10,2024-12-01T14:06:28.459068,25.09,53.41
TempSensor_4,2024-12-01T14:06:28.459073,27.07,58.28
TempSensor_5,2024-12-01T14:06:28.459078,29.88,52.45
TempSensor_2,2024-12-01T14:06:28.459082,27.18,56.91
TempSensor_1,2024-12-01T14:06:28.459087,23.51,44.61
TempSensor_6,2024-12-01T14:06:28.459091,29.52,56.28
TempSensor_9,2024-12-01T14:06:28.459096,26.36,37.04
TempSensor_9,2024-12-01T14:06:28.459101,24.44,39.44
TempSensor_5,2024-12-01T14:06:28.459106,20.58,52.58
TempSensor_7,2024-12-01T14:06:28.459111,20.26,43.13
TempSensor_8,2024-12-01T14:06:28.459115,23.09,31.94
TempSensor_10,2024-12-01T14:06:28.459120,27.0,53.08
TempSensor_6,2024-12-01T14:06:28.459125,27.89,41.05
TempSensor_4,2024-12-01T14:06:28.459129,23.32,47.88
TempSensor_2,2024-12-01T14:06:28.459134,27.97,44.59
TempSensor_6,2024-12-01T14:06:28.459139,28.61,57.26
TempSensor_9,2024-12-01T14:06:28.459144,25.37,52.88
TempSensor_1,2024-12-01T14:06:28.459148,20.0,32.7
TempSensor_1,2024-12-01T14:06:28.459153,27.52,43.77
TempSensor_5,2024-12-01T14:06:28.459158,24.73,55.88
TempSensor_6,2024-12-01T14:06:28.459162,26.9,45.53
TempSensor_1,2024-12-01T14:06:28.459167,24.87,47.07
TempSensor_9,2024-12-01T14:06:28.459172,23.96,32.49
TempSensor_2,2024-12-01T14:06:28.459176,21.58,34.19
TempSensor_3,2024-12-01T14:06:28.459181,26.22,36.22
TempSensor_5,2024-12-01T14:06:28.459186,29.82,49.66
TempSensor_3,2024-12-01T14:06:28.459190,29.89,39.76
TempSensor_8,2024-12-01T14:06:28.459195,21.21,59.4
TempSensor_2,2024-12-01T14:06:28.459199,29.14,57.62
TempSensor_9,2024-12-01T14:06:28.459204,24.85,46.8
TempSensor_4,2024-12-01T14:06:28.459209,20.31,32.32
TempSensor_3,2024-12-01T14:06:28.459213,23.56,50.19
TempSensor_4,2024-12-01T14:06:28.459218,27.28,50.51
TempSensor_7,2024-12-01T14:06:28.459222,25.76,54.21
TempSensor_5,2024-12-01T14:06:28.459227,27.04,33.63
TempSensor_7,2024-12-01T14:06:28.459232,23.21,44.48
TempSensor_8,2024-12-01T14:06:28.459237,29.34,57.9
TempSensor_8,2024-12-01T14:06:28.459242,24.29,58.92
TempSensor_2,2024-12-01T14:06:28.459247,22.51,30.21
TempSensor_10,2024-12-01T14:06:28.459252,29.3,38.96
TempSensor_1,2024-12-01T14:06:28.459256,20.93,46.02
TempSensor_7,2024-12-01T14:06:28.459261,23.52,33.93
TempSensor_7,2024-12-01T14:06:28.459265,28.88,50.8
TempSensor_2,2024-12-01T14:06:28.459270,26.52,45.49
TempSensor_6,2024-12-01T14:06:28.459275,24.43,46.44
TempSensor_10,2024-12-01T14:06:28.459279,28.22,33.25
TempSensor_3,2024-12-01T14:06:28.459284,20.26,43.88
TempSensor_2,2024-12-01T14:06:28.459288,22.16,58.93
TempSensor_7,2024-12-01T14:06:28.459293,23.8,42.85
TempSensor_10,2024-12-01T14:06:28.459298,24.22,48.25
TempSensor_2,2024-12-01T14:06:28.459302,26.44,33.87
TempSensor_5,2024-12-01T14:06:28.459324,21.45,52.72
TempSensor_5,2024-12-01T14:06:28.459333,21.64,36.08
TempSensor_6,2024-12-01T14:06:28.459341,29.45,54.3
TempSensor_8,2024-12-01T14:06:28.459349,25.9,40.58
TempSensor_1,2024-12-01T14:06:28.459354,27.13,56.29
TempSensor_8,2024-12-01T14:06:28.459358,28.79,48.66
TempSensor_7,2024-12-01T14:06:28.459363,23.81,54.95
TempSensor_2,2024-12-01T14:06:28.459368,26.65,51.18
TempSensor_4,2024-12-01T14:06:28.459373,23.7,35.44
TempSensor_2,2024-12-01T14:06:28.459378,23.42,37.44
TempSensor_6,2024-12-01T14:06:28.459383,22.17,44.68
TempSensor_6,2024-12-01T14:06:28.459387,21.4,42.71
TempSensor_5,2024-12-01T14:06:28.459392,25.02,45.91
TempSensor_7,2024-12-01T14:06:28.459397,27.47,34.11
TempSensor_4,2024-12-01T14:06:28.459401,28.13,34.86
TempSensor_9,2024-12-01T14:06:28.459406,20.74,55.8
TempSensor_4,2024-12-01T14:06:28.459411,20.79,43.23
TempSensor_8,2024-12-01T14:06:28.459415,24.13,38.06
TempSensor_6,2024-12-01T14:06:28.459420,28.37,52.9
TempSensor_5,2024-12-01T14:06:28.459425,26.95,37.89
TempSensor_4,2024-12-01T14:06:28.459429,24.87,50.19
TempSensor_3,2024-12-01T14:06:28.459434,27.6,43.24
TempSensor_8,2024-12-01T14:06:28.459439,25.17,38.42
TempSensor_3,2024-12-01T14:06:28.459444,23.38,48.39
TempSensor_6,2024-12-01T14:06:28.459449,25.13,59.66
TempSensor_10,2024-12-01T14:06:28.459454,20.79,49.59
TempSensor_4,2024-12-01T14:06:28.459459,27.57,42.31
TempSensor_9,2024-12-01T14:06:28.459463,25.23,40.36
TempSensor_9,2024-12-01T14:06:28.459468,29.64,45.78
TempSensor_3,2024-12-01T14:06:28.459473,29.31,30.19
TempSensor_8,2024-12-01T14:06:28.459478,27.92,54.06
TempSensor_4,2024-12-01T14:06:28.459482,22.6,54.84
TempSensor_3,2024-12-01T14:06:28.459487,24.09,53.37
TempSensor_5,2024-12-01T14:06:28.459492,29.65,48.44
TempSensor_9,2024-12-01T14:06:28.459496,26.2,40.42
TempSensor_3,2024-12-01T14:06:28.459501,25.51,37.07
TempSensor_5,2024-12-01T14:06:28.459506,22.77,35.2
TempSensor_8,2024-12-01T14:06:28.459510,28.83,31.4
TempSensor_8,2024-12-01T14:06:28.459515,29.59,55.56
TempSensor_4,2024-12-01T14:06:28.459520,28.73,49.66
TempSensor_5,2024-12-01T14:06:28.459525,21.46,37.59
TempSensor_9,2024-12-01T14:06:28.459529,25.51,59.79
TempSensor_2,2024-12-01T14:06:28.459534,26.51,46.58
TempSensor_8,2024-12-01T14:06:28.459539,28.41,33.69
TempSensor_3,2024-12-01T14:06:28.459543,25.77,59.69
TempSensor_5,2024-12-01T14:06:28.459548,26.05,35.35
TempSensor_5,2024-12-01T14:06:28.459552,27.07,58.54
TempSensor_6,2024-12-01T14:06:28.459557,26.28,55.39
TempSensor_6,2024-12-01T14:06:28.459561,21.18,31.96
TempSensor_6,2024-12-01T14:06:28.459566,22.59,30.86
TempSensor_1,2024-12-01T14:06:28.459571,23.28,41.3
TempSensor_4,2024-12-01T14:06:28.459576,25.91,46.92
TempSensor_1,2024-12-01T14:06:28.459581,23.69,49.1
TempSensor_1,2024-12-01T14:06:28.459586,21.45,47.17
TempSensor_10,2024-12-01T14:06:28.459591,20.78,36.66
TempSensor_10,2024-12-01T14:06:28.459596,28.76,45.29
TempSensor_3,2024-12-01T14:06:28.459600,29.87,54.4
TempSensor_3,2024-12-01T14:06:28.459605,28.65,38.89
TempSensor_7,2024-12-01T14:06:28.459615,29.78,50.18
TempSensor_1,2024-12-01T14:06:28.459620,27.28,50.09
TempSensor_1,2024-12-01T14:06:28.459624,24.43,37.54
TempSensor_5,2024-12-01T14:06:28.459629,26.55,40.83
TempSensor_8,2024-12-01T14:06:28.459633,22.62,38.57
TempSensor_2,2024-12-01T14:06:28.459638,28.91,37.84
TempSensor_4,2024-12-01T14:06:28.459643,23.41,34.92
TempSensor_5,2024-12-01T14:06:28.459647,23.59,39.97
TempSensor_7,2024-12-01T14:06:28.459652,22.53,34.84
TempSensor_9,2024-12-01T14:06:28.459657,24.6,46.88
TempSensor_3,2024-12-01T14:06:28.459661,27.68,33.73
TempSensor_1,2024-12-01T14:06:28.459666,27.25,38.71
TempSensor_1,2024-12-01T14:06:28.459670,24.26,48.91
TempSensor_10,2024-12-01T14:06:28.459675,21.68,53.32
TempSensor_7,2024-12-01T14:06:28.459679,23.16,31.88
TempSensor_2,2024-12-01T14:06:28.459684,25.57,50.32
TempSensor_2,2024-12-01T14:06:28.459689,27.44,59.54
TempSensor_9,2024-12-01T14:06:28.459694,27.03,47.99
TempSensor_5,2024-12-01T14:06:28.459699,28.96,30.51
TempSensor_5,2024-12-01T14:06:28.459704,27.0,32.13
TempSensor_3,2024-12-01T14:06:28.459709,25.01,35.26
TempSensor_6,2024-12-01T14:06:28.459714,20.74,30.77
TempSensor_5,2024-12-01T14:06:28.459718,22.3,53.24
TempSensor_8,2024-12-01T14:06:28.459723,22.39,32.43
TempSensor_5,2024-12-01T14:06:28.459728,27.43,58.76
TempSensor_2,2024-12-01T14:06:28.459733,28.87,32.16
TempSensor_6,2024-12-01T14:06:28.459738,20.64,44.0
TempSensor_2,2024-12-01T14:06:28.459743,26.15,54.87
TempSensor_2,2024-12-01T14:06:28.459747,23.65,42.7
TempSensor_5,2024-12-01T14:06:28.459752,23.56,53.2
TempSensor_7,2024-12-01T14:06:28.459757,24.65,50.78
TempSensor_3,2024-12-01T14:06:28.459762,28.6,45.27
TempSensor_4,2024-12-01T14:06:28.459767,21.91,50.47
TempSensor_5,2024-12-01T14:06:28.459771,29.78,49.51
TempSensor_9,2024-12-01T14:06:28.459776,29.66,59.42
TempSensor_1,2024-12-01T14:06:28.459781,27.13,51.46
TempSensor_7,2024-12-01T14:06:28.459785,25.29,35.89
TempSensor_2,2024-12-01T14:06:28.459790,29.12,31.39
TempSensor_1,2024-12-01T14:06:28.459795,23.57,40.11
TempSensor_8,2024-12-01T14:06:28.459800,25.5,59.09
TempSensor_4,2024-12-01T14:06:28.459804,28.27,39.7
TempSensor_6,2024-12-01T14:06:28.459810,21.4,30.38
TempSensor_7,2024-12-01T14:06:28.459815,21.01,53.42
TempSensor_8,2024-12-01T14:06:28.459819,24.19,30.36
TempSensor_10,2024-12-01T14:06:28.459824,28.44,56.82
TempSensor_4,2024-12-01T14:06:28.459829,21.21,53.34
TempSensor_4,2024-12-01T14:06:28.459834,24.95,51.93
TempSensor_6,2024-12-01T14:06:28.459838,21.31,47.07
TempSensor_6,2024-12-01T14:06:28.459843,24.54,47.6
TempSensor_5,2024-12-01T14:06:28.459848,28.7,58.42
TempSensor_4,2024-12-01T14:06:28.459852,24.89,44.12
TempSensor_1,2024-12-01T14:06:28.459857,26.97,44.73
TempSensor_7,2024-12-01T14:06:28.459862,27.55,41.86
TempSensor_5,2024-12-01T14:06:28.459866,24.27,35.07
TempSensor_5,2024-12-01T14:06:28.459871,22.39,44.14
TempSensor_7,2024-12-01T14:06:28.459876,27.46,34.21
TempSensor_10,2024-12-01T14:06:28.459881,22.31,44.15
TempSensor_6,2024-12-01T14:06:28.459886,24.85,51.91
TempSensor_10,2024-12-01T14:06:28.459891,21.62,30.29
TempSensor_4,2024-12-01T14:06:28.459896,29.16,44.64
TempSensor_8,2024-12-01T14:06:28.459900,23.08,35.18
TempSensor_1,2024-12-01T14:06:28.459905,27.29,58.72
TempSensor_9,2024-12-01T14:06:28.459910,20.17,49.8
TempSensor_9,2024-12-01T14:06:28.459914,22.87,36.9
TempSensor_2,2024-12-01T14:06:28.459919,22.52,53.66
TempSensor_4,2024-12-01T14:06:28.459924,24.07,35.19
TempSensor_4,2024-12-01T14:06:28.459929,27.49,49.4
TempSensor_5,2024-12-01T14:06:28.459933,25.82,58.45
TempSensor_8,2024-12-01T14:06:28.459938,23.12,34.13
TempSensor_4,2024-12-01T14:06:28.459943,22.33,34.87
TempSensor_10,2024-12-01T14:06:28.459948,25.57,34.43
TempSensor_9,2024-12-01T14:06:28.459952,29.25,38.25
TempSensor_10,2024-12-01T14:06:28.459957,27.4,31.93
TempSensor_5,2024-12-01T14:06:28.459961,22.91,41.38
TempSensor_10,2024-12-01T14:06:28.459966,29.65,45.47
TempSensor_6,2024-12-01T14:06:28.459971,25.28,46.98
TempSensor_1,2024-12-01T14:06:28.459975,20.53,49.01
TempSensor_5,2024-12-01T14:06:28.459980,26.28,42.56
TempSensor_8,2024-12-01T14:06:28.459985,29.83,32.39
TempSensor_3,2024-12-01T14:06:28.459989,21.33,50.13
TempSensor_2,2024-12-01T14:06:28.459994,27.08,48.81
TempSensor_10,2024-12-01T14:06:28.459998,27.94,53.9
TempSensor_1,2024-12-01T14:06:28.460003,24.54,54.03
TempSensor_7,2024-12-01T14:06:28.460008,26.36,56.0
